245->,0.125,0.25,1,1,0.25,0.25,0.25,0.25,0.125,0.25,0.5,0.5,0.25,0.25,0.25,0.25,0,0,0.5,0.5,-0.125,0,-0.125,0,0,0,0,0,0,0,0,0,0.42768595,0.42768595,0.012396694,0.026859504,0,0,0.097107438,0.008264463,0,0,0,0
266->,0,0,0,0,0,0,0,0,0,0,0,0,0,0,0,0,0,0,0,0,0,0,0,0,0,0,0,0,0,0,0,0,0.917355372,0,0,0,0,0,0.082644628,0,0,0,0,0
273->,0.125,0,0,0,0.125,0,1,0,0.125,0,0,0,0.25,0,0.125,0.125,0,0,0,0,0.125,0,0.125,0,-0.125,0,0.875,-0.125,-0.875,0,0.25,0,0.553719008,0.231404959,0,0,0,0,0.214876033,0,0,0,0,0
279->,0,0,0.125,0.25,0.125,0,0.25,0.25,0,0,0.125,0.25,0,0,0.5,0.125,0,0,0,0,0,-0.125,0,-0.125,0.125,0,-0.25,0.125,-0.125,-0.25,0,0.375,0.82231405,0.144628099,0,0,0,0,0.033057851,0,0,0,0,0
298->,0,0,0,0,0,0,0,0,0,0,0,0,0,0,0,0,0,0,0,0,0,0,0,0,0,0,0,0,0,0,0,0,0.694214876,0,0,0,0,0,0.305785124,0,0,0,0,0
305->,0,0,0,0.125,0,0,0,0.25,0,0,0,0.125,0,0,0.125,0.25,0,0,0,0,0,-0.125,0,-0.125,0,0,-0.125,0,0,-0.25,0,-0.125,0.814049587,0,0,0,0,0,0.185950413,0,0,0,0,0
896->,0,0,0.125,0.5,0.125,0,0.125,0.125,0,0,0.25,0.25,0.125,0,0.25,0.25,0,0,-0.125,0.25,0,-0.375,0,0,0,0,-0.125,-0.125,0,-0.125,0.125,0,0.520661157,0.196280992,0.095041322,0.045454545,0,0,0.140495868,0.002066116,0,0,0,0
1041->,0.125,0,0.25,0.5,0.5,0,0.5,0.5,0.125,0,0.25,0.25,0,0,0.5,0.5,0,0,0,0.25,0.125,-0.25,0.125,0,0.5,0,0,0,0,-0.5,0,0,0.803719008,0.02892562,0.002066116,0.002066116,0,0,0.097107438,0.012396694,0.049586777,0.004132231,0,0
1199->,1,1,0,0.5,0.5,1,0,0.25,1,0.125,1,0.25,0.5,0.125,0,0.125,0,0.875,-1,0.25,0,-0.5,0.875,0.75,0,0.875,0,0.125,0.5,0.75,0.375,-0.125,0.597107438,0.200413223,0,0,0,0,0.202479339,0,0,0,0,0
1802->,0,0,0.25,0.25,0.125,0.125,0.125,0.5,0,0,0,1,0.125,0,0,0.5,0,0,0.25,-0.75,0,0,0,-1,0,0.125,0.125,0,0,-0.375,0.125,-0.5,0.688016529,0.010330579,0,0,0,0,0.301652893,0,0,0,0,0
2030->,0.5,0.5,0,0.25,0.25,0.25,0,0.125,1,1,0,0.5,0.5,1,0,0.25,-0.5,-0.5,0,-0.25,0,-0.25,0,-0.5,-0.25,-0.75,0,-0.125,0.25,0.125,-0.5,-0.25,0.615702479,0.274793388,0.008264463,0.01446281,0.006198347,0,0.076446281,0.004132231,0,0,0,0.045454545
3693->,1,0.5,0,0.125,0.5,0.25,0.5,0.125,0,0.25,1,0.5,0,0.125,0.5,0.5,1,0.25,-1,-0.375,0.5,-0.125,-0.25,0.5,0.5,0.125,0,-0.375,0,0.125,-0.125,0,0.621900826,0.233471074,0,0,0,0,0.144628099,0,0,0,0,0.045454545
4301->,0.125,0.125,0.5,0.5,0.125,1,0.5,0.25,0.5,0.5,1,0.125,0.25,0.25,1,0.125,-0.375,-0.375,-0.5,0.375,0,0,0,0.875,-0.125,0.75,-0.5,0.125,-0.375,0.75,0,0.875,0.030991736,0.103305785,0.061983471,0.22107438,0.431818182,0.022727273,0.049586777,0.008264463,0.070247934,0,0,0.045454545
4307->,1,0.125,0.125,0.25,1,0.125,0.125,0.25,0.125,1,0.25,0.25,0.125,0.25,0.25,0.25,0.875,-0.875,-0.125,0,0.875,-0.125,-0.875,0,0.875,-0.125,-0.125,0,0.875,-0.125,-0.125,0,0.181818182,0.227272727,0.039256198,0.01446281,0,0,0.152892562,0.123966942,0.260330579,0,0,0.045454545
4333->,0.125,0.125,0.5,0.125,1,0.125,0.25,0.25,0.5,0.25,0.125,0.125,0.25,0.5,0.125,0.125,-0.375,-0.125,0.375,0,0,0.375,0.25,0,0.75,-0.375,0.125,0.125,0.75,-0.125,-0.25,0,0.064049587,0.150826446,0.055785124,0.190082645,0.431818182,0.004132231,0.090909091,0.012396694,0,0,0,0.045454545
4491->,0.125,0.5,0.25,0.5,0.25,1,0.5,0.25,0.25,0.5,0,1,0.5,0.25,0,0.5,-0.125,0,0.25,-0.5,-0.375,-0.25,-0.25,-1,-0.25,0.75,0.5,-0.25,-0.25,0.75,0.25,-0.5,0.095041322,0.200413223,0.074380165,0.140495868,0.398760331,0.047520661,0.030991736,0.012396694,0,0,0,0.045454545
4621->,1,1,0.125,0.25,0.5,0.25,0.125,0.25,0.5,0.5,0.5,0.25,0.5,0.25,0.25,0.25,0.5,0.5,-0.375,0,0,-0.125,0,0.25,0,0,-0.125,0,0.375,0,0.25,0,0.037190083,0.064049587,0.061983471,0.064049587,0.305785124,0.002066116,0.084710744,0.04338843,0.130165289,0.181818182,0.024793388,0.045454545
4633->,0.25,0.5,0,0.25,0.25,0.5,0,0.25,0.5,0.25,0,0.125,0.25,0.25,0,0.5,-0.25,0.25,0,0.125,-0.25,-0.25,0.25,-0.125,0,0.25,0,-0.25,0.25,0.25,0,-0.5,0.25,0.167355372,0.022727273,0,0,0,0.326446281,0.018595041,0.08677686,0.128099174,0,0.045454545
4650->,0.25,0.125,0.25,0.25,0.25,0.125,0.5,0.25,0.25,0.25,0.25,0.25,0.25,0.25,0.5,0.125,0,-0.125,0,0,0.125,0,0,0,0,-0.125,0,0.125,-0.25,-0.125,0,0.375,0.016528926,0.04338843,0.099173554,0.26446281,0.237603306,0,0.022727273,0.045454545,0.082644628,0.188016529,0,0.045454545
4653->,1,0.25,0.25,0.25,0.25,0.25,0.25,0.25,0.5,0.5,0.25,0.25,0.25,0.5,0.25,0.25,0.5,-0.25,0,0,0.75,0,0,0,0,-0.25,0,0,0,0,-0.25,0,0.012396694,0.05785124,0.080578512,0.152892562,0.202479339,0,0.04338843,0.074380165,0.171487603,0.200413223,0.004132231,0.045454545
121->,0.125,0.25,0.125,0.25,0.25,0.25,0.125,0.125,0,0.125,0,0.25,0.125,0.125,0,0.125,0.125,0.125,0.125,0,-0.125,-0.125,-0.125,-0.25,0.125,0.125,0.125,0,0.125,0.125,0,-0.125,0.444214876,0.229338843,0.004132231,0,0,0,0.309917355,0.012396694,0,0,0,0.090909091
293->,1,1,1,1,1,0.5,0.5,1,1,0.5,1,1,0.5,0.5,0.5,0.25,0,0.5,0,0,0,0,0.5,0,0.5,0,0,0.75,0.5,-0.5,0,0.25,0.487603306,0.092975207,0.004132231,0,0,0,0.400826446,0.012396694,0.002066116,0,0,0.090909091
2743->,1,0.25,0.125,0.25,1,0.25,0.125,0.25,1,0.25,0.125,0.25,1,0.25,0.125,0.25,0,0,0,0,0.75,-0.125,0.75,-0.125,0,0,0,0,0.875,0,0.75,-0.125,0.179752066,0.233471074,0.024793388,0.066115702,0.008264463,0,0.05785124,0.053719008,0.190082645,0.179752066,0.006198347,0.090909091
3571->,0.5,1,0,0.125,0.125,0.25,0,0.125,0.5,0.5,0,0.25,0.25,0.25,0.125,0.125,0,0.5,0,-0.125,-0.5,-0.125,0,-0.25,-0.125,0,-0.125,0,0.125,0.125,0,0,0.417355372,0.241735537,0.084710744,0.039256198,0.004132231,0,0.210743802,0.002066116,0,0,0,0.090909091
3661->,0,1,0,0,0,0.5,0,0.5,0,0,0,1,0,0,0,0.5,0,1,0,-1,-1,0,0,-1,0,0.5,0,0,0,0,0,-0.5,0.659090909,0.082644628,0,0,0,0,0.258264463,0,0,0,0,0.090909091
4160->,0,0.125,1,0.5,0,0.5,0.5,0.5,0.5,0.25,0.125,0.25,0.125,0.25,0.125,0.5,-0.5,-0.125,0.875,0.25,-0.125,0.5,0.25,-0.125,-0.125,0.25,0.375,0,-0.5,0,-0.125,-0.375,0.092975207,0.183884298,0.041322314,0.159090909,0.396694215,0.045454545,0.035123967,0.033057851,0.012396694,0,0,0.090909091
4275->,1,1,1,0.125,1,1,1,0.125,1,0.125,1,0.25,1,0.125,1,0.25,0,0.875,0,-0.125,0,0.875,0.875,0.75,0,0.875,0,-0.125,0,0.875,0.875,0.75,0.241735537,0.225206612,0.074380165,0.051652893,0.033057851,0.006198347,0.171487603,0.076446281,0.070247934,0.045454545,0.004132231,0.090909091
4276->,1,0.125,0.25,0.25,1,0.125,0.25,0.25,1,0.25,0.125,0.25,1,0.25,0.125,0.125,0,-0.125,0.125,0,0.875,0,0.75,-0.125,0,-0.125,0.125,0.125,0.75,-0.125,0.75,0,0.130165289,0.144628099,0.045454545,0,0,0,0.053719008,0.041322314,0.258264463,0.27892562,0.047520661,0.090909091
4308->,0.125,0.25,0.25,0.125,0.125,0.25,0.25,0.25,0.25,0.25,0.25,0.125,0.25,0.25,0.125,0.125,-0.125,0,0,0,-0.125,0.125,0,0.125,-0.125,0,0.125,0.125,-0.125,0,0,0,0.030991736,0.047520661,0.02892562,0.020661157,0,0,0.045454545,0.066115702,0.396694215,0.363636364,0,0.090909091
4340->,0.25,0.125,0.125,0.25,0.25,0.125,0.25,0.5,0.25,0.125,0.125,0,0.25,0.125,0.125,0.125,0,0,0,0.25,0.125,-0.125,0.125,0.125,0,0,0.125,0.375,0,-0.375,0.125,0,0.109504132,0.154958678,0.033057851,0.004132231,0,0,0.061983471,0.04338843,0.214876033,0.376033058,0.002066116,0.090909091
336->,0,1,0,1,0,0.5,0,0,0,0,0,0.125,0,0,0,0.25,0,1,0,0.875,-1,-1,0,-0.125,0,0.5,0,-0.25,0,0.5,0,-0.25,0.780991736,0.138429752,0,0,0,0,0.080578512,0,0,0,0,0.136363636
491->,0,0,0,0.125,0.125,0,0.125,0.125,0,0,0,0.125,0.125,0.125,0.125,0.125,0,0,0,0,0,-0.125,0,-0.125,0,-0.125,0,0,0,-0.125,0,0,0.421487603,0.553719008,0,0,0,0,0.024793388,0,0,0,0,0.136363636
598->,0.25,0.25,0,0.125,0.25,0.25,0.125,0.125,0.125,0.25,0,0.125,0.5,0.125,0.125,0.125,0.125,0,0,0,0,-0.125,-0.125,-0.125,-0.25,0.125,0,0,0.125,0.125,0.375,0,0.266528926,0.411157025,0.010330579,0,0,0,0.27892562,0.033057851,0,0,0,0.136363636
1934->,0.25,0.25,0.125,0,0.25,0.25,0.125,0,0.5,0.25,0.125,0,0.25,0.25,0.125,0,-0.25,0,0,0,0,0.125,0.25,0.125,0,0,0,0,0.125,0.25,0,0.125,0.208677686,0.295454545,0.049586777,0.026859504,0.030991736,0,0.357438017,0.02892562,0.002066116,0,0,0.136363636
1935->,0.125,0,0.125,0,0.125,0,0.125,0,0.125,0,0,0,0.125,0,0,0,0,0,0.125,0,0.125,0.125,0.125,0,0,0,0.125,0,0,0,0.125,0,0.460743802,0.208677686,0,0,0,0,0.330578512,0,0,0,0,0.136363636
1966->,0.25,0.5,0,0,0.25,0.25,0,0,0.25,0.125,0,0,0.25,0.25,0,0,0,0.375,0,0,-0.25,0,0.125,0,0,0,0,0,0.25,0.25,0,0,0.475206612,0.233471074,0,0,0,0,0.291322314,0,0,0,0,0.136363636
1967->,0,0,0,0,0,0,0,0.125,0,0,0,0,0,0,0,0.125,0,0,0,0,0,0,0,0,0,0,0,0,0,-0.125,0,-0.125,0.739669421,0.053719008,0,0,0,0,0.20661157,0,0,0,0,0.136363636
1999->,0,0,0,1,0,0,0.125,0.5,0,0,0,0.5,0,0,0.125,1,0,0,0,0.5,0,-1,0,-0.5,0,0,0,-0.5,-0.125,-0.5,0,-0.875,0.48553719,0.109504132,0,0,0,0,0.404958678,0,0,0,0,0.136363636
2044->,0.25,0.5,0,0,0.25,0.5,0,0,0.25,0.25,0,0,0.5,0.5,0,0,0,0.25,0,0,-0.25,0,0,0,-0.25,0,0,0,0.25,0.5,0,0,0.54338843,0.130165289,0.051652893,0,0,0,0.272727273,0.002066116,0,0,0,0.136363636
2559->,0,0,0.5,0.25,0.125,0.125,0.25,0.25,0.125,0.25,0.5,0.25,0.125,0.125,0.25,0.25,-0.125,-0.25,0,0,0,0.25,-0.125,0.25,0,0,0,0,-0.125,-0.125,0,0,0.301652893,0.154958678,0.109504132,0.210743802,0.090909091,0.010330579,0.105371901,0.008264463,0.008264463,0,0,0.136363636
240->,0.5,0.25,0,0.125,0.25,0.25,0,0.125,0.25,0.5,0,0.125,0.25,0.25,0,0.25,0.25,-0.25,0,0,0.25,-0.125,-0.25,-0.125,0,0,0,-0.125,0.25,0.125,0,-0.25,0.363636364,0.371900826,0.018595041,0.004132231,0,0,0.190082645,0.041322314,0.010330579,0,0,0.181818182
241->,0,0.125,0,0,0,0.125,0,1,0,0.125,0,0,0,0.25,0,0.125,0,0,0,0,-0.125,0,-0.125,0,0,-0.125,0,0.875,0,-0.875,-0.25,-0.125,0.475206612,0.146694215,0.082644628,0,0,0,0.285123967,0.010330579,0,0,0,0.181818182
492->,0,0.125,0,0,0.125,0.125,0.125,0.125,0,0.125,0,0.125,0.125,0.125,0.125,0.125,0,0,0,-0.125,-0.125,0,-0.125,-0.125,0,0,0,0,0,0,0,0,0.535123967,0.332644628,0.002066116,0,0,0,0.117768595,0.012396694,0,0,0,0.181818182
843->,0.125,0,1,0.125,0.25,0.125,1,0,0.125,0.125,1,0.125,0.25,0.125,1,0.125,0,-0.125,0,0,0.125,0.875,0,0.875,0,0,0,-0.125,-0.75,0.125,0.125,0.875,0.588842975,0.095041322,0.01446281,0.020661157,0,0,0.262396694,0.018595041,0,0,0,0.181818182
897->,0.125,0.5,1,0.5,0.125,0.125,0.5,0.5,0.25,0.25,0.25,0.25,0.25,0.25,0.5,0.5,-0.125,0.25,0.75,0.25,-0.375,0.5,0,0,-0.125,-0.125,0,0,-0.375,-0.375,0,0,0.109504132,0.144628099,0.076446281,0.214876033,0.241735537,0.02892562,0.126033058,0.035123967,0.022727273,0,0,0.181818182
1072->,0.125,0.125,0,0,0.125,0.125,0,0,0,0.125,0,0,0,0.125,0,1,0.125,0,0,0,0,0,-0.125,0,0.125,0,0,-1,0.125,0.125,-0.125,-1,0.398760331,0.311983471,0.084710744,0.006198347,0,0,0.132231405,0.066115702,0,0,0,0.181818182
1524->,0.25,0.125,0.25,0.125,0.125,0.125,0.25,0.125,0.25,0.125,0.25,0.125,0.25,0.125,0.25,0.125,0,0,0,0,0.125,0.125,0.125,0.125,-0.125,0,0,0,-0.125,0,0.125,0.125,0.237603306,0.171487603,0.033057851,0,0,0,0.473140496,0.082644628,0.002066116,0,0,0.181818182
1728->,0.125,0.25,0.5,0.25,0.125,0.125,0.25,0.25,0.125,0.5,1,0.5,0.125,0.125,0.5,0.5,0,-0.25,-0.5,-0.25,-0.125,0.25,-0.375,0.5,0,0,-0.25,-0.25,-0.125,-0.125,0,0,0.179752066,0.142561983,0.111570248,0.208677686,0.214876033,0.016528926,0.080578512,0.035123967,0.010330579,0,0,0.181818182
1902->,0.5,0.25,0.5,0.125,0.25,0.25,0.5,0.125,0.25,0.5,0.125,0.125,0.125,0.25,0.125,0.125,0.25,-0.25,0.375,0,0.25,0.375,-0.25,0,0.125,0,0.375,0,-0.25,0.125,-0.125,0,0.159090909,0.268595041,0.099173554,0.130165289,0.245867769,0.002066116,0.084710744,0.010330579,0,0,0,0.181818182
1998->,0.5,0.5,0,0,0.25,0.25,0,0,0.125,1,0,0,0.25,0.5,0,0,0.375,-0.5,0,0,0,0,-0.875,0,0,-0.25,0,0,0.25,0.25,-0.25,0,0.564049587,0.276859504,0.02892562,0.030991736,0.039256198,0,0.049586777,0.006198347,0.004132231,0,0,0.181818182
4->,0.5,0.25,0.5,0.5,0.25,0.5,0.25,0.5,1,1,1,1,0.5,1,0.5,0.5,-0.5,-0.75,-0.5,-0.5,0.25,0,0,0,-0.25,-0.5,-0.25,0,0,0,-0.5,0,0.136363636,0.190082645,0.05785124,0.196280992,0.262396694,0,0.121900826,0.006198347,0.016528926,0.012396694,0,0.227272727
34->,0,0.25,0.125,0.25,0,0.25,0.125,0.5,0,0.5,0.125,0.5,0,1,0.25,0.5,0,-0.25,0,-0.25,-0.25,-0.125,-0.5,-0.375,0,-0.75,-0.125,0,-0.125,-0.25,-1,-0.25,0.716942149,0.134297521,0.004132231,0.026859504,0.020661157,0.006198347,0.074380165,0.012396694,0.004132231,0,0,0.227272727
65->,0,0,0.25,0.25,0.125,0,0.25,0.25,0,0,0.5,0.25,0.125,0.125,1,0.25,0,0,-0.25,0,0,0,0,0.25,0,-0.125,-0.75,0,-0.125,-0.25,0,0.75,0.371900826,0.297520661,0.05785124,0.115702479,0.076446281,0.002066116,0.066115702,0.012396694,0,0,0,0.227272727
66->,0.25,0.25,0.25,0.25,0.25,0.25,0.5,0.5,0.5,0.25,0.5,0.5,1,0.25,0.5,1,-0.25,0,-0.25,-0.25,0,0,0.25,0,-0.75,0,0,-0.5,-0.25,-0.25,0.75,-0.5,0.134297521,0.159090909,0.061983471,0.150826446,0.179752066,0.022727273,0.173553719,0.041322314,0.035123967,0.037190083,0.004132231,0.227272727
98->,0.25,0.25,0.25,0.5,0.25,0.25,0.5,0.5,0.25,0.5,0.5,1,0.25,1,1,1,0,-0.25,-0.25,-0.5,0,-0.25,-0.25,-0.5,0,-0.75,-0.5,-0.5,-0.25,-0.25,-0.75,0,0.01446281,0.037190083,0.146694215,0.388429752,0.111570248,0,0.01446281,0.049586777,0.169421488,0.059917355,0.008264463,0.227272727
114->,0,1,0,0.25,0,1,0,0.25,0,0.5,0,0.125,0,0.5,0,0.125,0,0.5,0,0.125,-1,-0.25,-0.5,-0.125,0,0.5,0,0.125,0,0.75,-0.5,-0.125,0.704545455,0.144628099,0.010330579,0.006198347,0,0,0.026859504,0.018595041,0.035123967,0.049586777,0.004132231,0.227272727
208->,0.125,0.5,0.25,0,0.5,0.25,0.5,0,0.25,0.25,0.25,0,0.25,0.25,0.25,0,-0.125,0.25,0,0,-0.375,0.25,0,0.25,0.25,0,0.25,0,0,0.25,0,0.25,0.291322314,0.334710744,0.051652893,0.117768595,0.121900826,0.004132231,0.059917355,0.016528926,0.002066116,0,0,0.227272727
239->,0,0.125,0.5,0.25,0,0.125,0.25,0.25,0.125,0.25,0.25,0.5,1,0.25,0.25,0.25,-0.125,-0.125,0.25,-0.25,-0.125,0.25,-0.125,-0.25,-1,-0.125,0,0,-0.25,-0.125,0.75,0,0.25,0.136363636,0.123966942,0.190082645,0.262396694,0.002066116,0.02892562,0.006198347,0,0,0,0.227272727
247->,0,0,0,0.125,0,0.125,0.125,0.25,0.125,0,0.125,0.125,0,0,0.25,0.5,-0.125,0,-0.125,0,0,-0.125,0.125,0,0,0.125,-0.125,-0.25,-0.125,-0.125,0,-0.25,0.345041322,0.328512397,0,0,0,0,0.326446281,0,0,0,0,0.227272727
271->,0.125,0.5,0.25,0,0.125,0.5,0.25,0,0.25,0.5,0.5,0,0.25,0.25,0.25,0,-0.125,0,-0.25,0,-0.375,0.25,-0.25,0.5,-0.125,0.25,0,0,-0.125,0.5,0,0.25,0.130165289,0.25,0.059917355,0.159090909,0.26446281,0,0.107438017,0.026859504,0.002066116,0,0,0.227272727
113->,0,0.25,0,1,0,0.25,0,1,0,0.5,0,0.5,0.125,0.5,0,0.5,0,-0.25,0,0.5,-0.25,-1,-0.5,-0.5,-0.125,-0.25,0,0.5,0,-0.75,-0.375,-0.5,0.58677686,0.097107438,0.051652893,0.099173554,0.04338843,0,0.037190083,0.039256198,0.041322314,0.004132231,0,0.272727273
145->,0.25,0.5,1,0.125,0.25,0.25,1,0.125,0.5,0.5,0.5,0.25,0.5,0.25,0.5,0.25,-0.25,0,0.5,-0.125,-0.25,0.875,0,0.25,-0.25,0,0.5,-0.125,-0.75,0.125,0.25,0.25,0.219008264,0.134297521,0.018595041,0.113636364,0.204545455,0,0.159090909,0.041322314,0.109504132,0,0,0.272727273
146->,1,0.125,0.25,0.25,1,0.125,0.25,0.25,0.5,0.25,0.125,0.25,0.5,0.25,0.125,0.125,0.5,-0.125,0.125,0,0.875,0,0.25,-0.125,0.5,-0.125,0.125,0.125,0.75,-0.125,0.25,0,0.039256198,0.037190083,0.016528926,0.02892562,0,0,0.068181818,0.140495868,0.510330579,0.159090909,0,0.272727273
177->,0.5,0.25,0.125,0.125,0.25,0.5,0.125,0,0.5,0.25,0.25,1,0.25,0.25,0.25,0.5,0,0,-0.125,-0.875,0.25,0,0.25,-0.75,0,0.25,-0.125,-0.5,0.125,0.5,0,-0.25,0.272727273,0.144628099,0.020661157,0.107438017,0.154958678,0,0.212809917,0.045454545,0.041322314,0,0,0.272727273
178->,0.125,0.125,0.25,0.25,0.125,0,0.25,0.5,0.25,1,0.25,0.25,0.25,0.5,0.125,0.5,-0.125,-0.875,0,0,0,0,-0.75,0,-0.125,-0.5,0.125,0,-0.125,-0.5,-0.25,-0.375,0.088842975,0.074380165,0.05785124,0.008264463,0,0,0.08677686,0.134297521,0.342975207,0.20661157,0,0.272727273
210->,0.125,0,0.25,0.25,0,0,0.5,0.5,1,0,0.25,0.5,0.5,0,0.5,1,-0.875,0,0,-0.25,0.125,0,1,-0.25,-0.5,0,0,-0.5,-0.5,-0.5,0.5,-0.5,0.580578512,0.039256198,0,0.002066116,0,0,0.078512397,0.01446281,0.070247934,0.212809917,0.002066116,0.272727273
302->,0,0,0.5,0.5,0,0,0.5,0.5,0,0.125,0.5,0.5,0,0.125,0.25,0.5,0,-0.125,0,0,0,0,-0.125,0,0,-0.125,0.25,0,-0.5,-0.5,-0.125,-0.25,0.128099174,0.32231405,0.033057851,0.194214876,0.229338843,0.010330579,0.080578512,0.002066116,0,0,0,0.272727273
321->,0,0,0.25,0.25,0,0.125,0.25,0.25,0.25,0.25,0.25,0.25,0.25,0.25,0.25,0.25,-0.25,-0.25,0,0,0,0,0,0,-0.25,-0.125,0,0,-0.25,-0.125,0,0,0.179752066,0.171487603,0.107438017,0.27892562,0.026859504,0,0.111570248,0.026859504,0.082644628,0.01446281,0,0.272727273
322->,0.25,0.25,0.25,0.5,0.25,0.25,0.25,0.125,0.25,0.25,0.5,0.5,0.25,0.25,0.125,0.25,0,0,-0.25,0,0,-0.25,0,0,0,0,0.125,-0.125,0,0.125,0,-0.125,0.113636364,0.150826446,0.08677686,0.115702479,0,0,0.115702479,0.074380165,0.305785124,0.037190083,0,0.272727273
337->,0,1,0.125,0.5,0,0,0.25,0.5,0,0.125,0.125,0.5,0,0.25,0.25,1,0,0.875,0,0,-1,-0.375,-0.125,-0.375,0,-0.25,0,-0.5,-0.25,-0.5,-0.25,-0.75,0.392561983,0.045454545,0.006198347,0.002066116,0,0,0.504132231,0.01446281,0.022727273,0.012396694,0,0.272727273
5->,0.5,0.5,0.25,0.5,0.25,0.5,0.25,0.5,1,1,0.5,0.5,0.5,0.5,0.5,0.25,-0.5,-0.5,-0.25,0,0,-0.25,0,0,-0.25,0,-0.25,0.25,0,0,0,0.25,0.326446281,0.227272727,0.026859504,0.068181818,0.061983471,0.006198347,0.064049587,0.018595041,0.078512397,0.121900826,0,0.318181818
35->,0.125,0.25,0.25,0.25,0.125,0.5,0.5,0.25,0.125,0.5,1,0.25,0.25,0.5,1,0.25,0,-0.25,-0.75,0,-0.125,0,-0.375,0.75,-0.125,0,-0.5,0,-0.375,0.25,-0.25,0.75,0.19214876,0.179752066,0.084710744,0.142561983,0.169421488,0.018595041,0.113636364,0.045454545,0.053719008,0,0,0.318181818
120->,1,0.25,0.125,0.25,1,0.25,0.25,0.25,1,0.5,0,0.125,1,0.25,0.125,0.125,0,-0.25,0.125,0.125,0.75,-0.125,0.5,-0.125,0,0,0.125,0.125,0.75,0,0.75,0,0.280991736,0.175619835,0.035123967,0,0,0,0.099173554,0.047520661,0.229338843,0.126033058,0.006198347,0.318181818
151->,0.125,0.25,0.25,0.25,0.125,0.125,0.25,0.5,0.125,0.25,0.5,0.5,0.125,0.25,0.25,0.5,0,0,-0.25,-0.25,-0.125,0,-0.125,0,0,-0.125,0,0,-0.125,-0.375,-0.125,-0.25,0.276859504,0.245867769,0.041322314,0.049586777,0.004132231,0,0.202479339,0.084710744,0.088842975,0.006198347,0,0.318181818
152->,0.25,0.25,0.25,0.125,0.25,0.5,0.25,0.25,0.5,0.5,0.125,0.125,0.25,0.5,0.125,0.5,-0.25,-0.25,0.125,0,0,0.125,0,0,0,0,0.125,-0.25,0,0.25,-0.25,-0.375,0.055785124,0.146694215,0.01446281,0,0,0,0.136363636,0.179752066,0.332644628,0.134297521,0,0.318181818
184->,0.25,0.5,0.125,0.25,0.5,0.125,0.25,0.25,0.5,0.5,0.125,0.125,0.5,0.25,0.5,0.125,-0.25,0,0,0.125,-0.25,-0.125,0,0,0,-0.125,-0.25,0.125,0.25,-0.125,0.25,0.375,0.227272727,0.126033058,0.035123967,0.006198347,0,0,0.132231405,0.090909091,0.22107438,0.161157025,0,0.318181818
187->,0.125,0.125,0.25,0.125,0.125,0.25,0.25,0.125,0.125,0.125,0.25,0.125,0.125,0.125,0.25,0.125,0,0,0,0,0,0.125,0,0.125,0,0.125,0,0,-0.125,0.125,0,0.125,0.303719008,0.171487603,0.101239669,0.25,0,0,0.126033058,0.045454545,0.002066116,0,0,0.318181818
190->,0.25,0.125,0,0,0.25,0.25,0,0.125,0.125,0.125,0,0.125,0.5,0.125,0,0.125,0.125,0,0,-0.125,0.125,0,0,-0.125,-0.25,0.125,0,0,0.25,0.125,0.375,-0.125,0.623966942,0.181818182,0.04338843,0.002066116,0,0,0.07231405,0.01446281,0.061983471,0,0,0.318181818
207->,0,0,0.125,0.5,0,0,0.5,0.25,0,0.125,0.25,0.25,0,1,0.25,0.25,0,-0.125,-0.125,0.25,0,-0.375,-0.125,0,0,-1,0.25,0,-0.5,-0.25,-1,0,0.530991736,0.190082645,0.030991736,0.08677686,0.119834711,0,0.041322314,0,0,0,0,0.318181818
209->,0.25,0,0.125,0,0.5,0,0,0,0.25,0,1,0,0.25,0,0.5,0,0,0,-0.875,0,0.25,0.125,0.25,1,0.25,0,-0.5,0,0.5,0,0.25,0.5,0.659090909,0.161157025,0,0,0,0,0.179752066,0,0,0,0,0.318181818
6->,0.25,0.5,0.125,0.25,0.25,0.5,0.25,0.25,0.5,0.5,0.125,0.25,0.5,0.25,0.25,0.25,-0.25,0,0,0,-0.25,-0.125,0,-0.125,-0.25,0.25,0,0,0,0.25,0.25,0,0.237603306,0.130165289,0.05785124,0.055785124,0.002066116,0,0.171487603,0.109504132,0.142561983,0.088842975,0.004132231,0.363636364
37->,0.5,0.25,0.5,0.25,0.5,0.25,0.5,0.25,1,0.25,0.5,0.25,0.5,0.25,0.25,0.25,-0.5,0,0,0,0.25,0.25,0.75,0.25,0,0,0.25,0,0,0,0.25,0,0.30785124,0.132231405,0.030991736,0.121900826,0.101239669,0.008264463,0.128099174,0.053719008,0.074380165,0.037190083,0.004132231,0.363636364
125->,0.5,0.25,0.25,0.5,0.5,0.25,0.5,0.25,1,0.25,0.25,0.5,1,0.5,0.25,0.5,-0.5,0,0,0,0.25,-0.25,0.75,-0.25,-0.5,-0.25,0.25,-0.25,0,0,0.5,-0.25,0.123966942,0.082644628,0.068181818,0.05785124,0,0,0.219008264,0.090909091,0.287190083,0.070247934,0,0.363636364
144->,0,0.25,0.25,0.5,0,0.5,0.25,0.25,0.125,0.25,0.5,0.5,0,0.25,0.5,0.25,-0.125,0,-0.25,0,-0.25,-0.25,-0.125,0,0,0.25,-0.25,0,-0.25,0.25,-0.25,0.25,0.574380165,0.111570248,0.037190083,0.152892562,0.024793388,0,0.099173554,0,0,0,0,0.363636364
156->,0.5,0.25,0.25,0.125,1,0.25,0.25,0.125,0.5,0.25,0.25,0.125,1,0.25,0.5,0.25,0,0,0,0,0.25,0.125,0.25,0.125,0,0,-0.25,-0.125,0.75,0.125,0.75,0.25,0.097107438,0.109504132,0.123966942,0.378099174,0.01446281,0,0.123966942,0.05785124,0.095041322,0,0,0.363636364
157->,0.25,0.125,0.5,0.25,0.25,0.125,0.25,0.25,0.25,0.125,0.5,0.125,0.5,0.25,0.5,0.5,0,0,0,0.125,0.125,0.25,0.125,0.375,-0.25,-0.125,-0.25,-0.25,0,-0.125,0.25,0,0.024793388,0.07231405,0.099173554,0.126033058,0,0,0.055785124,0.216942149,0.373966942,0.030991736,0,0.363636364
158->,0.5,0.25,0,0,0.25,0.25,0.125,0,0.5,0.125,0,0,0.5,0.5,0.125,0,0,0.125,0,0,0.25,0,0.375,0,-0.25,-0.25,0,0,0.125,0.25,0,0.125,0.518595041,0.305785124,0.024793388,0.002066116,0,0,0.095041322,0.012396694,0.037190083,0.004132231,0,0.363636364
176->,0.25,0.125,0.5,0.25,0.5,0.5,0.25,0.5,0.25,0.25,0.5,0.25,0.25,0.25,0.25,0.25,0,-0.125,0,0,0.125,0.25,0,0.25,0.25,0.25,0,0.25,0.25,0,0,0,0.223140496,0.380165289,0.045454545,0.117768595,0.07231405,0,0.154958678,0.006198347,0,0,0,0.363636364
179->,0.25,0.25,0.125,0,0.25,0.5,0.125,0,0.25,0.25,0,0,0.125,0.5,0.125,0,0,0,0.125,0,0,0.125,0,0,0.125,0,0,0,0.125,0.5,-0.375,0.125,0.816115702,0.064049587,0.002066116,0,0,0,0.064049587,0.026859504,0.026859504,0,0,0.363636364
182->,1,1,0.25,0,0.5,1,0.125,0,1,0.5,0.25,0,1,1,0.25,0,0,0.5,0,0,0,0.25,0.5,0.25,-0.5,0,-0.125,0,0.375,1,0,0.25,0.167355372,0.363636364,0.08677686,0.123966942,0.078512397,0,0.121900826,0.045454545,0.012396694,0,0,0.363636364
7->,0.125,0.25,0.125,0.25,0.25,0.25,0.125,0.125,0.125,0.25,0,0.125,0.25,0.25,0,0.125,0,0,0.125,0.125,-0.125,-0.125,-0.125,-0.125,0,0,0.125,0,0.125,0.125,0,-0.125,0.30785124,0.16322314,0.022727273,0.006198347,0,0,0.353305785,0.037190083,0.097107438,0.012396694,0,0.409090909
36->,0.25,0.25,0.5,0.25,0.5,0.25,0.5,0.25,1,0.25,1,0.25,1,0.25,0.5,0.25,-0.75,0,-0.5,0,0,0.25,0.75,0.75,-0.5,0,0,0,0,0,0.75,0.25,0.132231405,0.200413223,0.076446281,0.053719008,0.045454545,0.002066116,0.107438017,0.041322314,0.179752066,0.152892562,0.008264463,0.409090909
38->,0.5,0.25,0.25,0.5,0.5,0.25,0.25,0.25,0.5,0.25,0.25,0.25,0.25,0.25,0.25,0.25,0,0,0,0.25,0.25,-0.25,0.25,0,0.25,0,0,0,0.25,0,0,0,0.066115702,0.200413223,0.198347107,0.101239669,0,0,0.181818182,0.159090909,0.092975207,0,0,0.409090909
39->,0.25,0.5,0.25,0.25,0.25,0.25,0.125,0.125,0.25,0.25,0.125,0.125,0.25,0.25,0.125,0.125,0,0.25,0.125,0.125,-0.25,0,0,0,0,0,0,0,0.125,0.125,0,0,0.208677686,0.154958678,0.097107438,0.047520661,0,0,0.144628099,0.078512397,0.237603306,0.030991736,0,0.409090909
67->,0.25,0.25,0.25,0.25,0.5,0.5,0.25,0.25,0.5,0.5,0.25,0.5,0.5,1,0.25,0.25,-0.25,-0.25,0,-0.25,0,0,0,-0.25,0,-0.5,0,0,0.25,0.25,-0.5,0,0.082644628,0.171487603,0.109504132,0.159090909,0,0,0.121900826,0.047520661,0.169421488,0.128099174,0.010330579,0.409090909
68->,0.25,0.25,0.25,0.25,0.25,0.25,0.25,0.25,0.25,0.5,0.25,0.25,0.25,0.25,0.25,0.25,0,-0.25,0,0,0,0,-0.25,0,0,0,0,0,0,0,0,0,0.082644628,0.169421488,0.105371901,0.092975207,0,0,0.169421488,0.144628099,0.23553719,0,0,0.409090909
71->,0.5,1,0.25,0.125,0.25,0.5,0.125,0,0.25,1,0.125,0,0.25,1,0.125,0.125,0.25,0,0.125,0.125,-0.5,0.125,-0.75,0.125,0,-0.5,0,-0.125,0.125,0.5,-0.75,0,0.460743802,0.150826446,0.068181818,0.024793388,0,0,0.099173554,0.024793388,0.113636364,0.05785124,0,0.409090909
99->,0.25,0.5,0.25,0.25,0.5,0.5,0.25,0.25,0.5,1,0.5,0.25,1,1,0.25,0.25,-0.25,-0.5,-0.25,0,-0.25,0,-0.5,0.25,-0.5,-0.5,0,0,0.25,0.25,0,0,0.113636364,0.113636364,0.078512397,0.140495868,0.024793388,0.004132231,0.252066116,0.117768595,0.154958678,0,0,0.409090909
100->,0.25,0.25,0.25,0.25,0.25,0.25,0.25,0.5,0.5,0.25,0.25,0.25,0.25,0.25,0.25,0.25,-0.25,0,0,0,0,0,0.25,0,0,0,0,0.25,0,-0.25,0,0,0.047520661,0.142561983,0.140495868,0.262396694,0,0,0.092975207,0.074380165,0.237603306,0.002066116,0,0.409090909
103->,1,1,0.125,0.125,0.5,0.5,0,0.125,1,1,0,0.125,1,0.5,0.125,0,0,0,0.125,0,0,0,0,-0.125,-0.5,0,-0.125,0.125,0.5,0.375,0.5,0.125,0.299586777,0.196280992,0.115702479,0.047520661,0,0,0.128099174,0.041322314,0.095041322,0.076446281,0,0.409090909
69->,0.25,0.25,0.25,0.125,0.25,0.25,0.25,0.125,0.25,0.25,0.25,0.125,0.25,0.25,0.25,0.125,0,0,0,0,0,0.125,0,0.125,0,0,0,0,0,0.125,0,0.125,0.19214876,0.214876033,0.210743802,0.194214876,0,0,0.142561983,0.041322314,0.004132231,0,0,0.454545455
70->,0.25,0.125,0.5,1,0.25,0.125,0.25,0.5,0.25,0.125,0.25,1,0.25,0.125,0.25,1,0,0,0.25,0,0.125,-0.5,0.125,-0.75,0,0,0,-0.5,0,-0.375,0.125,-0.75,0.274793388,0.225206612,0.070247934,0.115702479,0,0,0.179752066,0.088842975,0.045454545,0,0,0.454545455
79->,1,1,0.125,0.125,1,1,0.125,0.125,1,1,0.125,0.125,1,1,0.125,0.125,0,0,0,0,0,0,0,0,0,0,0,0,0.875,0.875,0,0,0.446280992,0.22107438,0.059917355,0.016528926,0,0,0.082644628,0.053719008,0.113636364,0.006198347,0,0.454545455
101->,0.25,0.25,0.125,0.25,0.25,0.5,0.125,0.125,0.25,0.25,0.125,0.125,0.25,0.25,0.125,0.25,0,0,0,0.125,0,-0.125,0,0,0,0.25,0,-0.125,0.125,0.375,0,-0.125,0.19214876,0.324380165,0.183884298,0.084710744,0,0,0.105371901,0.05785124,0.051652893,0,0,0.454545455
102->,0.125,0.25,1,1,0.125,0.125,0.5,0.5,0.125,0.125,1,1,0.125,0.25,1,0.5,0,0.125,0,0,-0.125,0,0,0,0,-0.125,-0.5,0,-0.375,-0.375,-0.125,0.5,0.25,0.140495868,0.05785124,0.111570248,0,0,0.276859504,0.111570248,0.051652893,0,0,0.454545455
134->,0.25,0.125,1,0.5,0.125,0.125,0.5,0.5,0.125,0.125,1,0.5,0.25,0.25,0.5,0.5,0.125,0,0,0,0.125,0.5,0,0.5,-0.125,-0.125,0,0,-0.375,-0.375,0,0,0.146694215,0.25,0.154958678,0.121900826,0,0,0.204545455,0.097107438,0.024793388,0,0,0.454545455
135->,1,0.5,0.125,0.125,0.5,0.5,0.125,0.125,1,0.5,0.125,0.125,0.5,0.5,0,0.125,0,0,0,0,0.5,0,0.5,0,0,0,0.125,0,0.375,0.375,0,-0.125,0.274793388,0.123966942,0.064049587,0.041322314,0,0,0.227272727,0.064049587,0.171487603,0.033057851,0,0.454545455
161->,0,0.125,0.5,1,0.125,0.125,0.5,1,0,0.125,1,1,0.125,0.125,1,1,0,0,-0.5,0,-0.125,-0.5,-0.125,0,0,0,-0.5,0,-0.375,-0.875,0,0,0.376033058,0.212809917,0.059917355,0.064049587,0.041322314,0,0.17768595,0.041322314,0.026859504,0,0,0.454545455
164->,0.5,0.25,0.125,0.125,0.25,0.25,0.125,1,0.25,0.25,0.125,0.5,0.25,0.25,0.125,1,0.25,0,0,-0.375,0.25,0,0,-0.375,0,0,0,0,0.125,-0.75,0,-0.875,0.285123967,0.347107438,0.088842975,0.01446281,0,0,0.08677686,0.02892562,0.148760331,0,0,0.454545455
167->,0.5,0.5,0.125,0,0.5,0.5,0.125,0,0.5,1,0.125,0,0.5,0.5,0.125,0.125,0,-0.5,0,0,0,0.125,-0.5,0.125,0,0,0,-0.125,0.375,0.5,0,0,0.398760331,0.121900826,0.066115702,0.039256198,0,0,0.185950413,0.049586777,0.107438017,0.030991736,0,0.454545455
1->,0.125,0,0,0,0.125,0,0.125,0,0.125,0,0,0,0.125,0,0.125,0,0,0,0,0,0.125,0,0.125,0,0,0,0,0,0,0,0.125,0.125,1,0,0,0,0,0,0,0,0,0,0,0.5
2->,0,0,0,0.125,0.125,0,0.125,0.125,0,0,0,0.125,0.125,0,0.125,0.25,0,0,0,0,0,-0.125,0,-0.125,0,0,0,-0.125,0,-0.125,0.125,-0.125,1,0,0,0,0,0,0,0,0,0,0,0.5
3->,0,0.125,0.5,0.25,0.125,0.125,0.25,0.5,0,0.125,1,1,0.125,0.25,0.5,1,0,0,-0.5,-0.75,-0.125,0.25,-0.125,0,0,-0.125,-0.25,-0.5,-0.125,-0.375,-0.125,-0.5,0.73553719,0.231404959,0.016528926,0.010330579,0,0,0.006198347,0,0,0,0,0.5
13->,1,0.125,1,1,1,0.125,1,0.5,1,0.5,1,1,1,0.125,1,1,0,-0.375,0,0,0.875,0,0.5,0,0,0,0,-0.5,0,-0.375,0.875,0,0.54338843,0.152892562,0.037190083,0.059917355,0,0,0.115702479,0.01446281,0.076446281,0,0,0.5
14->,1,1,1,1,1,0.5,1,1,1,1,1,1,1,1,1,1,0,0,0,0,0,0,0,0,0,-0.5,0,0,0,-0.5,0,0,0.904958678,0.037190083,0,0,0,0,0.05785124,0,0,0,0,0.5
15->,1,1,1,0.25,1,1,1,0.25,1,1,0.5,0.5,1,1,0.5,0.125,0,0,0.5,-0.25,0,0.75,0,0,0,0,0.5,0.125,0,0.75,0,0.375,0.477272727,0.219008264,0.037190083,0.064049587,0,0,0.105371901,0.053719008,0.04338843,0,0,0.5
16->,1,0.25,0,0.125,1,0.25,0,0.125,0.5,0.5,0,0.125,0.5,0.125,0,0.125,0.5,-0.25,0,0,0.75,-0.125,0,-0.125,0.5,0.125,0,0,1,0.125,0.375,-0.125,0.667355372,0.23553719,0.010330579,0.002066116,0,0,0.082644628,0.002066116,0,0,0,0.5
17->,0,0.125,0,0,0,0.125,0,0.125,0,0.125,0,0,0,0.125,0,0,0,0,0,0,-0.125,0,-0.125,0,0,0,0,0.125,0,0,-0.125,0,0.92768595,0.039256198,0,0,0,0,0.033057851,0,0,0,0,0.5
21->,0.125,1,1,1,0.125,0.25,1,1,0.125,1,1,1,0,0.25,1,1,0,0,0,0,-0.875,0,-0.875,0,0.125,0,0,0,-0.875,-0.75,-0.25,0,0.574380165,0.188016529,0.018595041,0,0,0,0.136363636,0.055785124,0.026859504,0,0,0.5
22->,1,1,0.25,0.25,1,1,0.25,0.25,1,1,0.25,0.25,1,1,0.25,0.25,0,0,0,0,0,0,0,0,0,0,0,0,0.75,0.75,0,0,0.599173554,0.318181818,0.010330579,0,0,0,0.068181818,0.004132231,0,0,0,0.5
18->,0,0,0,0,0,0.125,0.125,0.125,0,0,0,0,0,0,0.125,0.125,0,0,0,0,0,0,0,0,0,0.125,0,0,-0.125,0,0,0,0.869834711,0.088842975,0,0,0,0,0.041322314,0,0,0,0,0.545454545
19->,0,0,0,0,0.125,0.125,0,0,0,0,0,0,0.125,0.125,0.125,0,0,0,0,0,0,0,0,0,0,0,-0.125,0,0.125,0.125,0,0.125,0.70661157,0.117768595,0,0,0,0,0.175619835,0,0,0,0,0.545454545
20->,0,0,0.125,1,0,0,0.125,0.25,0,0,0.125,1,0.125,0,0,0.25,0,0,0,0,0,-0.875,0,-0.875,-0.125,0,0.125,0,-0.125,-0.25,0.125,-0.25,0.855371901,0.092975207,0,0,0,0,0.051652893,0,0,0,0,0.545454545
50->,0,0,0,0,0.125,0,0.125,0,0,0,0,0,0,0,0.125,0,0,0,0,0,0,0,0,0,0.125,0,0,0,0,0,0,0.125,0.925619835,0.061983471,0.002066116,0,0,0,0.008264463,0.002066116,0,0,0,0.545454545
51->,0,0,0,0,0.125,0,0,0,0,0,0,0,0.125,0,0,0,0,0,0,0,0,0,0,0,0,0,0,0,0.125,0,0.125,0,0.931818182,0.059917355,0,0,0,0,0.008264463,0,0,0,0,0.545454545
73->,0.125,0,0,0.125,0.125,0,0,0.125,0.125,0.125,0,0,0.125,0.125,0.125,0.125,0,-0.125,0,0.125,0.125,-0.125,0,0,0,-0.125,-0.125,0,0.125,-0.125,0,0,0.77892562,0.109504132,0.002066116,0,0,0,0.107438017,0.002066116,0,0,0,0.545454545
74->,0,0.125,0,0,0,0.125,0.125,0.125,0,0,0,0,0.125,0.125,0.125,0.125,0,0.125,0,0,-0.125,0,0,0,-0.125,0,0,0,-0.125,0,0,0,0.832644628,0.140495868,0,0,0,0,0.026859504,0,0,0,0,0.545454545
75->,0,0,0,0,0.125,0.125,0,0,0,0,0,0,0.125,0.125,0,0,0,0,0,0,0,0,0,0,0,0,0,0,0.125,0.125,0,0,0.892561983,0.02892562,0,0,0,0,0.078512397,0,0,0,0,0.545454545
105->,0,0,0.125,0,0,0,0.125,0,0.125,0,0,0,0.125,0,0.125,0,-0.125,0,0.125,0,0,0.125,0.125,0,-0.125,0,0,0,-0.125,0,0.125,0.125,0.904958678,0.02892562,0,0,0,0,0.066115702,0,0,0,0,0.545454545
108->,0,0,0,0.125,0,0.125,0.125,0,0,0,0,0,0,0.125,0.125,0,0,0,0,0.125,0,-0.125,0,0,0,0,0,0,-0.125,0.125,-0.125,0.125,0.940082645,0.030991736,0,0,0,0,0.02892562,0,0,0,0,0.545454545
83->,0,0,0,1,0,0,0,0.125,0,0,0,0.5,0,0,0,0.5,0,0,0,0.5,0,-1,0,-0.5,0,0,0,-0.375,0,-0.125,0,-0.5,0.855371901,0.080578512,0,0,0,0,0.064049587,0,0,0,0,0.590909091
106->,0.125,0,0,0,0.125,0,0.125,0.125,0,0,0,0,0.125,0,0.125,0.125,0.125,0,0,0,0.125,0,0,0,0,0,0,0,0,-0.125,0.125,0,0.904958678,0.078512397,0,0,0,0,0.016528926,0,0,0,0,0.590909091
166->,0.125,0.125,0.5,0.5,0.125,0.25,0.5,0.5,0.125,0.25,0.5,1,0.25,0.25,0.5,0.5,0,-0.125,0,-0.5,0,0,-0.125,-0.5,-0.125,0,0,0,-0.375,-0.25,0,0,0.107438017,0.144628099,0.144628099,0.183884298,0.026859504,0,0.194214876,0.109504132,0.082644628,0.006198347,0,0.590909091
198->,0.125,1,0.5,0.5,0.25,0.5,0.5,0.5,0.25,0.5,1,0.5,0.25,1,0.5,0.5,-0.125,0.5,-0.5,0,-0.875,0,-0.25,0.5,0,-0.5,0,0,-0.25,0,-0.75,0,0.140495868,0.185950413,0.068181818,0.173553719,0.08677686,0,0.092975207,0.095041322,0.150826446,0.006198347,0,0.590909091
217->,0.25,0.5,0,0.5,0.25,0.5,0,0.5,0.125,0.25,0,0.5,0.125,0.5,0,1,0.125,0.25,0,0,-0.25,-0.5,-0.125,-0.5,0.125,0,0,-0.5,0.25,0,-0.375,-1,0.811983471,0.053719008,0.004132231,0.008264463,0.006198347,0,0.101239669,0.006198347,0.008264463,0,0,0.590909091
238->,0.125,0,0,0.125,0,0,0,0.125,0,0,0.125,0.25,0,0,1,0.25,0.125,0,-0.125,-0.125,0.125,-0.125,0,-0.125,0,0,-1,-0.125,0,-0.125,0,0.75,0.828512397,0.109504132,0,0,0,0,0.061983471,0,0,0,0,0.590909091
250->,0.5,0.25,0.125,0.25,0.5,0.5,0.25,0.25,0.5,0.5,0.125,0.25,1,0.5,0.25,0.25,0,-0.25,0,0,0.25,-0.125,0,-0.125,-0.5,0,0,0,0.25,0.25,0.5,0,0.033057851,0.095041322,0.113636364,0.452479339,0.161157025,0,0.055785124,0.051652893,0.037190083,0,0,0.590909091
280->,0.125,0.25,0.25,0.125,0.25,0.25,0.25,0.25,0.125,0.25,0.25,0.5,0.5,0.125,0.25,0.5,0,0,0,-0.375,-0.125,0.125,-0.125,-0.25,-0.25,0.125,0,-0.25,0,0,0.375,-0.25,0.167355372,0.258264463,0.066115702,0.111570248,0,0,0.117768595,0.090909091,0.165289256,0.022727273,0,0.590909091
281->,0.25,0.125,0.25,0.5,0.25,0.25,0.5,0.25,0.25,0.5,0.5,0.5,0.25,0.5,0.5,0.5,0,-0.375,-0.25,0,0.125,-0.25,-0.25,0,0,-0.25,0,-0.25,-0.25,0,-0.25,0,0.324380165,0.23553719,0.030991736,0.020661157,0,0,0.175619835,0.078512397,0.134297521,0,0,0.590909091
282->,0.25,0.5,0.25,0.25,0.5,0.25,0.25,0.25,0.5,0.5,0.25,0.25,0.5,0.5,0.25,0.25,-0.25,0,0,0,-0.25,0,0,0,0,-0.25,0,0,0.25,0,0,0,0.097107438,0.146694215,0.117768595,0.171487603,0.047520661,0.002066116,0.090909091,0.146694215,0.171487603,0.008264463,0,0.590909091
41->,0.25,0.125,0.125,0,0.25,0.125,0.25,0,0.25,0.125,0.25,0,0.25,0.125,0.25,0.125,0,0,-0.125,0,0.125,0.125,0.125,0.25,0,0,0,-0.125,0,0.125,0.125,0.125,0.380165289,0.287190083,0.055785124,0.059917355,0,0,0.115702479,0.061983471,0.039256198,0,0,0.636363636
545->,0,0,0,0.125,0,0,0.125,0.125,0,0,0,0.125,0,0,0,0.125,0,0,0,0,0,-0.125,0,-0.125,0,0,0.125,0,-0.125,-0.125,0,-0.125,0.640495868,0.202479339,0,0,0,0,0.157024793,0,0,0,0,0.636363636
547->,0.25,0.125,0.25,0.25,0.125,0.125,0.25,0.25,0.125,0.25,0.125,0.25,0.25,0.125,0.25,0.25,0.125,-0.125,0.125,0,0.125,0,-0.125,-0.125,-0.125,0,0,0,-0.125,-0.125,0.125,0,0.068181818,0.159090909,0.146694215,0.107438017,0.002066116,0,0.196280992,0.208677686,0.111570248,0,0,0.636363636
578->,0.125,0.125,0.125,0.125,0.125,0.125,0.125,0.125,0.125,0.125,0.25,0.125,0.125,0.125,0.125,0.125,0,0,-0.125,0,0,0,0,0.125,0,0,0,0,0,0,0,0,0.175619835,0.276859504,0.190082645,0.002066116,0,0,0.276859504,0.070247934,0.008264463,0,0,0.636363636
600->,0.125,0.125,0.125,0,0.125,0.125,0,0.125,0,0,0,0,0.125,0.125,0.125,0.125,0.125,0.125,0.125,0,0,0.125,0,0,0,0,-0.125,0,0.125,0,0,0,0.415289256,0.338842975,0.006198347,0,0,0,0.23553719,0.004132231,0,0,0,0.636363636
609->,0.125,0.125,0.125,0.125,0.125,0.125,0.125,0.25,0.125,0.125,0.125,0.125,0.125,0.125,0.125,0.125,0,0,0,0,0,0,0,0,0,0,0,0.125,0,-0.125,0,0,0.272727273,0.345041322,0.064049587,0.006198347,0,0,0.26446281,0.047520661,0,0,0,0.636363636
610->,0.125,0.125,0.125,0.125,0.125,0.25,0.125,0.125,0.125,0.125,0.125,0.125,0.125,0.125,0.125,0.25,0,0,0,0,0,0,0,0,0,0.125,0,-0.125,0,0.125,0,-0.125,0.109504132,0.289256198,0.185950413,0.012396694,0,0,0.340909091,0.061983471,0,0,0,0.636363636
641->,0.125,0.125,0.125,0,0.125,0.125,0.25,0,0.125,0,0.125,0,0.125,0,0.125,0,0,0.125,0,0,0,0.125,0.125,0.125,0,0.125,0.125,0,-0.125,0.125,0.125,0.125,0.231404959,0.216942149,0.101239669,0.002066116,0,0,0.334710744,0.111570248,0.002066116,0,0,0.636363636
642->,0.125,0,0.125,0.125,0.25,0,0.125,0.125,0.125,0,0.125,0.25,0.125,0,0.25,0.125,0,0,0,-0.125,0.125,0,0.125,-0.125,0.125,0,-0.125,0,0.125,-0.125,0.125,0.125,0.303719008,0.324380165,0.045454545,0,0,0,0.303719008,0.022727273,0,0,0,0.636363636
673->,0.125,0,0,0.125,0.125,0,0,0.125,0,0.125,0,0,0,0.125,0,0.125,0.125,-0.125,0,0.125,0.125,-0.125,-0.125,0,0.125,-0.125,0,0,0.125,-0.125,-0.125,-0.125,0.23553719,0.270661157,0.016528926,0.002066116,0,0,0.409090909,0.061983471,0.004132231,0,0,0.636363636
8->,0.125,0.25,0.25,0.25,0.125,0.125,0.25,0.25,0,0.125,0.25,0.25,0,0.125,0.25,0.25,0.125,0.125,0,0,-0.125,0,-0.125,0,0.125,0,0,0,-0.125,-0.125,-0.125,0,0.369834711,0.126033058,0.047520661,0.012396694,0,0,0.239669421,0.045454545,0.119834711,0.039256198,0,0.681818182
9->,0.25,0.25,0.25,0.125,0.25,0.25,0.125,0.25,0.25,0.25,0.25,0.25,0.25,0.25,0.25,0.25,0,0,0,-0.125,0,0.125,0,0,0,0,-0.125,0,0.125,0,0,0,0.016528926,0.070247934,0.055785124,0.402892562,0.095041322,0,0.033057851,0.053719008,0.173553719,0.099173554,0,0.681818182
40->,0.25,0.25,0.25,0.125,0.125,0.125,0.25,0.125,0.125,0.125,0.25,0.125,0.125,0.125,0.25,0.125,0.125,0.125,0,0,0,0.125,0,0.125,0,0,0,0,-0.125,0,0,0.125,0.590909091,0.068181818,0.037190083,0.010330579,0,0,0.169421488,0.053719008,0.070247934,0,0,0.681818182
42->,0.125,0,0.25,0,0.25,0,0.25,0.125,0.25,0,0.25,0,0.25,0.125,0.125,0.125,-0.125,0,0,0,0.125,0.25,0.25,0.25,0,-0.125,0.125,0,0,-0.125,0.125,0,0.396694215,0.388429752,0.07231405,0.004132231,0,0,0.097107438,0.041322314,0,0,0,0.681818182
76->,0,0,0.125,0,0,0,0.25,0.125,0,0,0.125,0,0,0,0.5,0.125,0,0,0,0,0,0.125,0,0.125,0,0,-0.25,0,-0.25,-0.125,0,0.375,0.824380165,0.055785124,0,0,0,0,0.119834711,0,0,0,0,0.681818182
449->,0.25,0.25,0.25,0,0.25,0.5,0.25,0,0.5,0.25,0.25,0,0.25,0.25,0.125,0.125,-0.25,0,0,0,0,0.25,0.25,0.25,0,0.25,0.125,-0.125,0,0.5,0,0,0.320247934,0.254132231,0.004132231,0.010330579,0,0,0.070247934,0.041322314,0.287190083,0.012396694,0,0.681818182
450->,0.25,0,0.25,0.125,0.25,0,0.25,0.25,0.25,0,0.25,0.125,0.125,0.125,0.25,0.25,0,0,0,0,0.25,0.125,0.25,0.125,0.125,-0.125,0,0,0,-0.25,0,0,0.198347107,0.303719008,0.066115702,0.233471074,0.101239669,0,0.066115702,0.006198347,0.024793388,0,0,0.681818182
471->,0.25,0.25,0.25,0.5,0.25,0.5,0.25,0.5,0.25,0.25,0.25,0.25,0.5,0.25,0.25,0.25,0,0,0,0.25,0,-0.25,0,0,-0.25,0.25,0,0.25,0,0,0.25,0,0.024793388,0.070247934,0.049586777,0.07231405,0.126033058,0,0.053719008,0.059917355,0.280991736,0.252066116,0.010330579,0.681818182
481->,0.25,0,0,0,0.5,0,0,0,0.25,0.125,0,0,0.25,0.125,0.125,0,0,-0.125,0,0,0.25,0,0.125,0,0.25,-0.125,-0.125,0,0.5,0,0.125,0.125,0.407024793,0.179752066,0.004132231,0,0,0,0.165289256,0.02892562,0.214876033,0,0,0.681818182
482->,0,0,0.125,0.25,0,0,0.25,0.25,0,0,0.125,0.125,0.125,0,0.25,0.25,0,0,0,0.125,0,-0.125,0,0,-0.125,0,0,0,-0.25,-0.25,0.125,0,0.47107438,0.318181818,0.033057851,0.030991736,0,0,0.146694215,0,0,0,0,0.681818182
218->,0,0.5,0.125,0.125,0,0.5,0.25,0.25,0,0.5,0.125,0.125,0,1,0.125,0.25,0,0,0,0,-0.5,0,-0.5,0,0,-0.5,0.125,0,-0.25,0.25,-1,-0.125,0.458677686,0.285123967,0.039256198,0.064049587,0.012396694,0,0.128099174,0.012396694,0,0,0,0.727272727
417->,0,0.25,0.5,0.25,0.25,0.25,0.25,0.25,0.25,0.5,1,0.25,0.125,0.25,0.5,0.125,-0.25,-0.25,-0.5,0,-0.25,0.25,-0.25,0.75,0.125,0,-0.25,0.125,0,0,-0.125,0.375,0.266528926,0.17768595,0.103305785,0.084710744,0.010330579,0,0.154958678,0.082644628,0.119834711,0,0,0.727272727
647->,0,0.125,0,0,0,0,0,0,0,0,0,0,0,0,0,0,0,0.125,0,0,-0.125,0,0,0,0,0,0,0,0,0,0,0,0.723140496,0.111570248,0,0,0,0,0.16322314,0.002066116,0,0,0,0.727272727
674->,0,0.125,0.125,0.125,0,0.125,0.125,0.125,0,0,0.25,0.125,0,0.125,0.125,0.125,0,0.125,-0.125,0,-0.125,0,0,0.125,0,0,0,0,-0.125,0,-0.125,0,0.299586777,0.351239669,0.066115702,0,0,0,0.252066116,0.030991736,0,0,0,0.727272727
738->,0.125,0.125,0.125,0.125,0.25,0.125,0.125,0.125,0.125,0.125,0.125,0.125,0.25,0.125,0.125,0.125,0,0,0,0,0,0,0,0,0,0,0,0,0.125,0,0.125,0,0.167355372,0.5,0.130165289,0.064049587,0,0,0.126033058,0.012396694,0,0,0,0.727272727
802->,0.125,0.25,0.25,0.25,0.25,0.125,0.125,0.125,0.25,0.25,0.125,0.25,0.25,0.125,0.125,0.125,-0.125,0,0.125,0,-0.125,0,0,-0.125,0,0,0,0,0.125,0,0.125,0,0.078512397,0.136363636,0.117768595,0.082644628,0.002066116,0,0.138429752,0.099173554,0.200413223,0.144628099,0,0.727272727
803->,0.25,0.25,0.25,0.25,0.125,0.125,0.125,0.125,0.125,0.25,0.5,0.125,0.125,0.125,0.25,0.125,0.125,0,-0.25,0.125,0,0,-0.125,0.375,0,0,-0.125,0,0,0,0,0.125,0.07231405,0.173553719,0.233471074,0.285123967,0.109504132,0,0.061983471,0.064049587,0,0,0,0.727272727
1473->,0.125,0,0.125,0.25,0.125,0,0.125,0.125,0.125,0,0.125,0.125,0.25,0,0.125,0.125,0,0,0,0.125,0.125,-0.125,0.125,0,-0.125,0,0,0,0,-0.125,0.25,0,0.29338843,0.266528926,0.126033058,0.016528926,0,0,0.260330579,0.024793388,0.012396694,0,0,0.727272727
1601->,0.125,0.25,0.25,0.25,0.125,0.25,0.25,0.125,0.125,0.125,0.125,0.25,0.125,0.25,0.125,0.125,0,0.125,0.125,0,-0.125,0,0,-0.125,0,0,0.125,0,-0.125,0.125,-0.125,0,0.183884298,0.287190083,0.030991736,0,0,0,0.41322314,0.039256198,0.045454545,0,0,0.727272727
1673->,0.25,0.25,0,0,0.25,0.25,0,0.125,0.25,0.25,0.125,0,0.25,0.25,0.25,0.125,0,0,-0.125,0,0,0,0,0.125,0,0,-0.25,0,0.25,0.125,0,0.125,0.188016529,0.188016529,0.078512397,0.30785124,0.07231405,0,0.111570248,0.020661157,0.033057851,0,0,0.727272727
10->,0.25,0.125,0.25,0.25,0.125,0.25,0.25,0.25,0.25,0.25,0.25,0.25,0.25,0.25,0.25,0.125,0,-0.125,0,0,0.125,0,0,0,-0.125,0,0,0.125,-0.125,0,0,0.125,0.223140496,0.227272727,0.020661157,0.018595041,0,0,0.324380165,0.113636364,0.068181818,0.004132231,0,0.772727273
11->,0.25,0.25,0.125,0.125,0.25,0.25,0.25,0.125,0.25,0.25,0.25,0.125,0.25,0.125,0.25,0.125,0,0,-0.125,0,0,0,0,0.125,0,0.125,0,0,0,0.125,0.125,0.125,0.037190083,0.074380165,0.05785124,0.280991736,0.111570248,0,0.035123967,0.039256198,0.198347107,0.165289256,0,0.772727273
12->,0.125,0.125,1,0.125,0.25,0.125,1,0.125,0.25,0.125,1,0.5,0.25,0.125,1,0.125,-0.125,0,0,-0.375,0,0.875,0.125,0.5,0,0,0,0,-0.75,0,0.125,0.875,0.564049587,0.183884298,0.026859504,0.082644628,0.002066116,0,0.128099174,0.012396694,0,0,0,0.772727273
297->,0,0,0,0,0,0,0,0,0,0,0,0,0,0,0,0,0,0,0,0,0,0,0,0,0,0,0,0,0,0,0,0,0.859504132,0.004132231,0,0,0,0,0.136363636,0,0,0,0,0.772727273
362->,0,0,0.125,0,0,0.125,0,0.125,0,0,0,0,0,0,0,0.125,0,0,0.125,0,0,0.125,0,0,0,0.125,0,0,0,0,0,-0.125,0.553719008,0.097107438,0,0,0,0,0.316115702,0.033057851,0,0,0,0.772727273
841->,0.125,0.125,0.25,0.25,0.125,0.125,0.25,0.25,0.25,0.125,0.25,0.25,0.125,0.25,0.25,0.25,-0.125,0,0,0,0,0,0.125,0,0,-0.125,0,0,-0.125,-0.125,-0.125,0,0.200413223,0.175619835,0.024793388,0.006198347,0,0,0.202479339,0.055785124,0.169421488,0.165289256,0,0.772727273
842->,0.25,0.25,0.125,0,0.25,0.25,0.25,0.125,0.25,0.25,0.125,0.125,0.25,0.25,0.25,0.125,0,0,0,-0.125,0,0.125,0,0,0,0,0,0,0,0.125,0,0.125,0.070247934,0.181818182,0.092975207,0.378099174,0.126033058,0,0.020661157,0.030991736,0.076446281,0.022727273,0,0.772727273
873->,0.125,0,0.25,0.125,0.125,0.125,0.25,0.125,0.125,0,0.25,0,0.25,0,0.25,0.125,0,0,0,0.125,0.125,0.125,0.125,0.25,-0.125,0.125,0,0,-0.125,0,0.25,0.125,0.415289256,0.159090909,0.002066116,0,0,0,0.345041322,0.078512397,0,0,0,0.772727273
874->,0.25,0.125,0,0,0.25,0.125,0.125,0,0.25,0,0.125,0,0.25,0.125,0.125,0,0,0.125,-0.125,0,0.125,0,0.25,0.125,0,0,0,0,0.125,0.125,0.125,0.125,0.477272727,0.276859504,0.059917355,0,0,0,0.173553719,0.012396694,0,0,0,0.772727273
1672->,0.25,0.25,0.25,0.25,0.25,0.125,0.25,0.25,0.125,0.125,0.25,0.25,0.125,0.125,0.25,0.25,0.125,0.125,0,0,0,0,0,0,0.125,0,0,0,0,-0.125,0,0,0.084710744,0.107438017,0.035123967,0.105371901,0.074380165,0,0.150826446,0.049586777,0.200413223,0.19214876,0,0.772727273
2612->,1,0,1,0.125,1,0,1,0.125,1,0.125,0.5,0.125,1,0.125,1,0.125,0,-0.125,0.5,0,1,0.875,0.875,0.375,0,-0.125,0,0,0,-0.125,0.875,0.875,0.285123967,0.495867769,0.024793388,0.026859504,0.010330579,0.002066116,0.090909091,0.018595041,0.037190083,0.008264463,0,0.818181818
4195->,0.5,0.25,0.25,0.125,0.25,0.125,0.25,0.125,0.5,0.25,0.25,0.125,0.5,0.125,0.25,0.125,0,0,0,0,0.25,0.125,0.25,0.125,-0.25,0,0,0,0,0,0.375,0.125,0.421487603,0.200413223,0.107438017,0.084710744,0.006198347,0,0.097107438,0.045454545,0.033057851,0.004132231,0,0.818181818
4437->,0.5,0.5,0.5,0.25,0.5,0.25,0.5,0.25,0.25,0.25,0.25,0.25,0.25,0.25,0.25,0.25,0.25,0.25,0.25,0,0,0.25,0,0,0.25,0,0.25,0,0,0,0,0,0.012396694,0.024793388,0.030991736,0.169421488,0.208677686,0,0.026859504,0.047520661,0.342975207,0.103305785,0.033057851,0.818181818
4523->,0.5,0.25,0.5,0.5,1,0.125,0.25,0.25,0.5,0.25,1,0.5,0.25,0.125,0.5,0.25,0,0,-0.5,0,0.25,0,0.25,0.5,0.75,0,-0.25,0,0.75,-0.125,0.125,0.25,0.126033058,0.121900826,0.066115702,0.196280992,0.30785124,0.066115702,0.078512397,0.022727273,0.01446281,0,0,0.818181818
4732->,0,0,0.125,0.25,0.125,0.125,0.125,0.125,0.125,0.125,0.125,0.25,0,0.125,0.125,0.125,-0.125,-0.125,0,0,0,-0.125,0,-0.125,0.125,0,0,0,0,0,-0.125,0,0.111570248,0.30785124,0.22107438,0.010330579,0,0,0.237603306,0.111570248,0,0,0,0.818181818
4765->,0.25,0.125,0.25,0.125,0.125,0.125,0.25,0.25,0.25,0.125,0.125,0.125,0.125,0.125,0.25,0.125,0,0,0.125,0,0.125,0.125,0.125,0,0,0,0,0.125,-0.125,-0.125,0,0.125,0.037190083,0.095041322,0.200413223,0.332644628,0.016528926,0,0.074380165,0.136363636,0.107438017,0,0,0.818181818
4797->,0.125,0.125,0.125,0.125,0.125,0.25,0.25,0.125,0.125,0.125,0.125,0.125,0.125,0.25,0.125,0.125,0,0,0,0,0,0,0,0,0,0,0.125,0,-0.125,0.125,-0.125,0,0.148760331,0.210743802,0.128099174,0.119834711,0,0,0.223140496,0.142561983,0.026859504,0,0,0.818181818
4798->,0.125,0.125,0,0.125,0.25,0.125,0,0.25,0.125,0.125,0.125,0.25,0.125,0.125,0.25,0.125,0,0,-0.125,-0.125,0,-0.125,0,-0.125,0.125,0,-0.25,0.125,0.25,-0.125,0,0.125,0.010330579,0.020661157,0.07231405,0.460743802,0.326446281,0.004132231,0.051652893,0.026859504,0.026859504,0,0,0.818181818
4828->,0,0.125,0.125,0.125,0.125,0.125,0.25,0.125,0.125,0.125,0.125,0.125,0.25,0.125,0.25,0.125,-0.125,0,0,0,-0.125,0,0,0,-0.125,0,0,0,-0.125,0,0.125,0.125,0.179752066,0.373966942,0.101239669,0.016528926,0,0,0.216942149,0.097107438,0.01446281,0,0,0.818181818
4861->,0.125,0.125,0.25,0.25,0.125,0.125,0.25,0.25,0.125,0.125,0.125,0.25,0.125,0.125,0.25,0.25,0,0,0.125,0,0,0,0,-0.125,0,0,0,0,-0.125,-0.125,0,0,0.061983471,0.119834711,0.165289256,0.334710744,0.16322314,0,0.130165289,0.024793388,0,0,0,0.818181818
2197->,0.25,0,0.25,0,0.25,0,0.25,0.125,0.25,0,0.25,0,0.125,0,0.25,0,0,0,0,0,0.25,0.25,0.25,0.25,0.125,0,0,0.125,0,-0.125,0.125,0.25,0.260330579,0.018595041,0,0,0,0,0.702479339,0.018595041,0,0,0,0.863636364
3265->,0.125,0.125,0,0.125,0.125,0.125,0.125,0.125,0.125,0,0,0,0.125,0.125,0.125,0.125,0,0.125,0,0.125,0,-0.125,0.125,0,0,0,0,0,0,0,0,0,0.404958678,0.407024793,0.004132231,0,0,0,0.165289256,0.018595041,0,0,0,0.863636364
4163->,0.25,0.5,0.25,0.25,0.125,0.25,0.25,0.25,0.25,0.5,0.25,0.25,0.25,0.5,0.25,0.25,0,0,0,0,-0.25,0,-0.25,0,-0.125,-0.25,0,0,-0.125,0,-0.25,0,0.006198347,0.02892562,0.037190083,0.276859504,0.285123967,0.002066116,0.020661157,0.026859504,0.115702479,0.198347107,0.002066116,0.863636364
4572->,0,0.125,0.5,0.25,0.125,0.25,0.125,0.25,0.125,1,0.5,0.25,0.125,1,0.125,0.25,-0.125,-0.875,0,0,-0.125,0.25,-0.875,0.25,0,-0.75,0,0,0,0,-0.875,-0.125,0.338842975,0.17768595,0.07231405,0.148760331,0.202479339,0,0.039256198,0.018595041,0.002066116,0,0,0.863636364
4604->,0.125,0,0.25,0.25,0.25,0,0.25,0.25,1,0,0.25,0.125,1,0,0.25,0.25,-0.875,0,0,0.125,0.125,0,1,0.125,-0.75,0,0,0,0,-0.25,1,0,0.107438017,0.181818182,0.090909091,0.210743802,0.301652893,0.002066116,0.105371901,0,0,0,0,0.863636364
4636->,0,0,0.25,0.125,0,0,0.25,0.25,0,0,0.125,1,0,0,0.25,0.25,0,0,0.125,-0.875,0,0.125,0,-0.875,0,0,0,0,-0.25,-0.25,0,0,0.287190083,0.243801653,0.05785124,0.090909091,0.018595041,0,0.301652893,0,0,0,0,0.863636364
4637->,0.25,0.125,0.125,0.125,0.25,0.25,0.125,0.125,0.125,1,0.125,0.125,0.25,0.25,0.125,0.125,0.125,-0.875,0,0,0.125,0,-0.875,0,0,0,0,0,0.125,0.125,0,0,0.140495868,0.128099174,0.064049587,0.239669421,0.367768595,0.002066116,0.05785124,0,0,0,0,0.863636364
4638->,0.125,0.125,0.125,0.125,0.125,0.125,0.125,0.125,0.125,0.125,0.125,0.125,0.125,0.125,0.125,0.125,0,0,0,0,0,0,0,0,0,0,0,0,0,0,0,0,0.66322314,0.179752066,0.006198347,0,0,0,0.136363636,0.01446281,0,0,0,0.863636364
4668->,0,0,0.125,0.125,0,0.125,0.25,0.125,0,0,1,0.125,0,0,0.25,0.125,0,0,-0.875,0,0,0,0,0.875,0,0.125,0,0,-0.25,0,0,0.125,0.254132231,0.225206612,0.119834711,0.239669421,0,0,0.161157025,0,0,0,0,0.863636364
4669->,0.125,0.125,0.125,0.125,0.25,0.125,0.125,0.25,1,0.125,0.125,0.25,0.25,0.125,0.125,0.25,-0.875,0,0,-0.125,0,0,0.875,-0.125,0,0,0,0,0.125,-0.125,0.125,-0.125,0.010330579,0.037190083,0.07231405,0.25,0.347107438,0,0.01446281,0.022727273,0.245867769,0,0,0.863636364
199->,0.5,0.5,0,0,0.5,0.5,0,0.125,1,0.5,0,0,0.5,0.5,0.125,0,-0.5,0,0,0,0,0,0.5,0,0,0,-0.125,0.125,0.5,0.375,0,0.125,0.522727273,0.126033058,0,0,0,0,0.330578512,0.020661157,0,0,0,0.909090909
300->,0,0,0,0.125,0,0,0,0.125,0,0,0,0.125,0,0,0,0,0,0,0,0,0,-0.125,0,-0.125,0,0,0,0.125,0,-0.125,0,0,0.646694215,0.078512397,0,0,0,0,0.274793388,0,0,0,0,0.909090909
1344->,0,0,0,0.125,0,0,0,0.125,0,0,0,0,0,0,0,0.125,0,0,0,0.125,0,-0.125,0,0,0,0,0,0,0,-0.125,0,-0.125,0.479338843,0.138429752,0,0,0,0,0.382231405,0,0,0,0,0.909090909
2039->,0.25,1,0.25,0.5,0.5,1,0.25,0.5,1,1,0.125,0.25,1,1,0.25,0.5,-0.75,0,0.125,0.25,-0.75,-0.25,0,-0.125,-0.5,0,0,0,0.25,0.5,0,-0.25,0.679752066,0.20661157,0.002066116,0,0,0,0.107438017,0.004132231,0,0,0,0.909090909
3664->,0,0,0.25,0,0,0,0.25,0,0,0,0.125,0,0,0,0.25,0,0,0,0.125,0,0,0.25,0,0.125,0,0,0,0,-0.25,0,0,0.25,0.727272727,0.07231405,0.006198347,0,0,0,0.194214876,0,0,0,0,0.909090909
3709->,0,0.125,0,0.5,0,0.125,0,0.125,0,0.125,0,0.5,0,0.25,0,0.125,0,0,0,0,-0.125,-0.5,-0.125,-0.5,0,-0.125,0,0,0,0,-0.25,-0.125,0.747933884,0.039256198,0,0,0,0,0.212809917,0,0,0,0,0.909090909
4395->,0,0,0.125,0.5,0.125,0,0.25,0.25,0,0.125,0.25,0.25,0.125,0,0.5,0.25,0,-0.125,-0.125,0.25,0,-0.375,-0.125,0,0,0,-0.25,0,-0.125,-0.25,0.125,0.25,0.330578512,0.188016529,0.041322314,0.142561983,0.134297521,0,0.16322314,0,0,0,0,0.909090909
4670->,0.125,0.125,0.125,0.125,0.125,0.25,0.125,0.125,0.125,0.25,0.125,0.125,0.125,0.25,0.125,0.125,0,-0.125,0,0,0,0,-0.125,0,0,0,0,0,0,0.125,-0.125,0,0.219008264,0.357438017,0.126033058,0.134297521,0.039256198,0,0.115702479,0.008264463,0,0,0,0.909090909
4924->,0.125,0,0.125,0.125,0.125,0.125,0.125,0.25,0.125,0.25,0.125,0.125,0,0.125,0.125,0.125,0,-0.25,0,0,0.125,0,-0.125,0,0.125,0,0,0.125,0,-0.125,-0.125,0,0.152892562,0.349173554,0.146694215,0.061983471,0,0,0.208677686,0.041322314,0.039256198,0,0,0.909090909
4925->,0.125,0.125,0.125,0,0.125,0.25,0.125,0.125,0.125,0.125,0.125,0.25,0.125,0.125,0.25,0.25,0,0,0,-0.25,0,0.125,0,-0.125,0,0.125,-0.125,-0.125,0,0.125,0,0,0.082644628,0.128099174,0.132231405,0.29338843,0.27892562,0,0.078512397,0.006198347,0,0,0,0.909090909
168->,0.125,0,0,0,0.125,0,0.125,0,0.125,0,0,0,0.125,0.125,0.125,0.125,0,0,0,0,0.125,0,0.125,0,0,-0.125,0,-0.125,0,0,0,0,0.537190083,0.105371901,0,0,0,0,0.357438017,0,0,0,0,0.954545455
340->,0.5,0,0.125,0.5,0,0,0.5,1,0,0,0.125,1,0.125,0,0.125,1,0.5,0,0,-0.5,0.5,-0.375,0,-0.875,-0.125,0,0.375,0,-0.5,-1,0.125,-0.875,0.826446281,0.101239669,0,0,0,0,0.07231405,0,0,0,0,0.954545455
522->,0,0,0,0.125,0,0,0,0.125,0,0.125,0,0.125,0,0,0.125,0.125,0,-0.125,0,0,0,-0.125,-0.125,-0.125,0,0,-0.125,0,0,-0.125,0,0,0.533057851,0.202479339,0,0,0,0,0.239669421,0.024793388,0,0,0,0.954545455
808->,0,0,0,0,0.125,0.125,0.125,0,0,0,0,0,0.125,0.125,0.125,0,0,0,0,0,0,0,0,0,0,0,0,0,0,0.125,0,0.125,0.66322314,0.157024793,0.01446281,0,0,0,0.165289256,0,0,0,0,0.954545455
1903->,0.5,0.125,0,0.125,0.5,0.125,0.125,0.125,0.125,0.125,0,0,0.125,0.125,0,0,0.375,0,0,0.125,0.375,-0.125,0,0,0.375,0,0.125,0.125,0.375,0,0,0,0.266528926,0.305785124,0.119834711,0.010330579,0,0,0.225206612,0.066115702,0.006198347,0,0,0.954545455
2027->,0,0,0,0,0,0,0,0.125,0,0,0,0,0,0,0,0,0,0,0,0,0,0,0,0,0,0,0,0.125,0,-0.125,0,0,0.741735537,0.01446281,0,0,0,0,0.243801653,0,0,0,0,0.954545455
2059->,0,0,0,0,0,0,0.125,0,0,0,0,0,0,0,0,0,0,0,0,0,0,0,0,0,0,0,0.125,0,-0.125,0,0,0,0.603305785,0.030991736,0,0,0,0,0.365702479,0,0,0,0,0.954545455
2294->,0.125,0.125,0.25,0.125,0.125,0,0.125,0.25,0.125,0.125,0.125,0.25,0.125,0.125,0.125,0.25,0,0,0.125,-0.125,0,0.125,0,-0.125,0,-0.125,0,0,0,-0.25,0,-0.125,0.491735537,0.17768595,0.006198347,0,0,0,0.30785124,0.016528926,0,0,0,0.954545455
3704->,0.5,0.125,0.5,0.5,0.25,0.125,0.5,0.25,0.5,0.125,0.5,0.25,0.25,0.125,0.25,0.25,0,0,0,0.25,0.375,0,0.375,0.25,0,0,0.25,0,-0.25,-0.125,0.125,0,0.039256198,0.126033058,0.268595041,0.233471074,0.165289256,0,0.115702479,0.041322314,0.010330579,0,0,0.954545455
4097->,0,0.125,0,0.125,0.125,0.125,0,0.125,0,0.125,0,0,0.125,0.125,0,0.125,0,0,0,0.125,-0.125,-0.125,-0.125,0,0,0,0,0,0.125,0,0,-0.125,0.859504132,0.08677686,0,0,0,0,0.041322314,0.012396694,0,0,0,0.954545455
