245->,-0.125,0,-0.125,0,0
266->,0,0,0,0,0
273->,0.125,0,0.125,0,0
279->,0,-0.125,0,-0.125,0
298->,0,0,0,0,0
305->,0,-0.125,0,-0.125,0
896->,0,-0.375,0,0,0
1041->,0.125,-0.25,0.125,0,0
1199->,0,-0.5,0.875,0.75,0
1802->,0,0,0,-1,0
1928->,0,0,0,0.125,0
1931->,0.125,0,0.125,0,0
1941->,0.875,-0.125,0.125,-0.125,0
2031->,-0.25,0.75,-0.5,-0.5,0
2054->,0,0,0,0,0
2066->,0,1,0,0,0
2198->,0.25,0,0.25,0.125,0
2205->,0,0,0,0,0
2206->,0,0.125,0,0.125,0
2830->,0,-1,0,-1,0
3233->,0,0.125,0,0,0
3405->,0,0,0,0,0
3612->,0,0,0,0,0
3629->,0.125,0,0,0,0
3728->,0,-0.125,0,0.125,0
3796->,0.25,0.5,0,0.875,0
3848->,0.125,-0.125,0,-0.125,0
4222->,0,0,0,-0.25,0
4269->,-0.125,-0.5,-0.5,-1,0
4302->,0,0,0.875,0,0
4303->,0,0.5,0,1,0
4334->,0.375,0,0,0,0
4335->,0,-0.125,0,-0.125,0
4339->,0,0.125,1,0.125,0
4364->,-0.125,-0.375,0,0.125,0
4365->,-0.375,0,0.125,-0.875,0
4367->,0,-0.375,0,-0.375,0
4438->,0.25,-0.25,0,-0.125,0
4443->,-0.125,0,0,0,0
4459->,-0.125,0,0,0.125,0
4492->,-0.25,-0.125,-1,0,0
4524->,0,0.125,0.5,-0.125,0
4526->,-0.125,-0.25,0.25,-0.125,0
4556->,0.25,-0.5,0.25,-0.375,0
4588->,-0.25,-0.5,0,0,0
4589->,-0.5,0.375,0,0,0
4627->,0,0.5,0.25,0.5,0
4649->,-0.125,0.125,0.125,0,0
4681->,0,0,0.125,0.125,0
4690->,0.125,0.5,0.25,0.5,0
5024->,0,0,0.25,-0.125,0
5026->,-0.25,0.125,0.25,0.125,0
5101->,-0.125,0,-0.5,0.25,0
5133->,-0.125,0.375,0,0,0
5134->,0.375,0,0,0.5,0
5166->,0,0,0,-0.125,0
5195->,0,-0.375,-0.125,-0.375,0
5197->,0.125,-0.125,0,0,0
5204->,-0.25,-0.875,-0.75,-1,0
5228->,0.25,0,0.375,0,0
5259->,-0.25,0.25,0.25,0.125,0
5269->,0.25,0,0.25,-0.25,0
5291->,0.25,0,0,0,0
5322->,-0.25,0,-0.375,-0.25,0
5355->,-0.25,0.25,0,0.125,0
5449->,-0.375,0,0,0.25,0
5450->,0,0,0.25,0,0
5458->,0,0.5,0,0.5,0
5512->,0.125,0.125,0,0,0
5659->,0,0,-0.125,0,0
5825->,0.25,0,0,0,0
5932->,-0.125,0,-0.125,0,0
5964->,-0.125,0.25,-0.125,0.375,0
5965->,0.25,0.25,0.375,0,0
5966->,0.25,0,0,0,0
6028->,0,0.375,0.125,-0.125,0
6059->,0,0.125,0.25,0,0
6063->,-0.25,-0.25,-1,-0.875,0
6065->,-0.75,0.125,0,0.125,0
6091->,0,0,0.25,0,0
6122->,-0.125,0,0.25,0,0
6123->,0,0,0,0,0
6187->,0,-0.125,0.25,0,0
6248->,-1,0,-0.125,0,0
6251->,-0.25,0.25,0,0,0
6280->,0.5,0,-0.375,0,0
6281->,0,0.25,0,0,0
6289->,-0.25,-0.25,0,0.5,0
6313->,0.25,0.125,0,0.125,0
6343->,0.125,0,0.125,0.125,0
6344->,0,0,0.125,0.125,0
6345->,0,0.125,0.125,0.125,0
6445->,-0.25,0,0.25,0.125,0
6655->,0.25,0.25,0,0.25,0
6656->,0.25,0,0.25,0,0
6673->,0,0,0,0.125,0
2030->,0,-0.25,0,-0.5,0.045454545
3693->,0.5,-0.125,-0.25,0.5,0.045454545
4301->,0,0,0,0.875,0.045454545
4307->,0.875,-0.125,-0.875,0,0.045454545
4333->,0,0.375,0.25,0,0.045454545
4491->,-0.375,-0.25,-0.25,-1,0.045454545
4621->,0,-0.125,0,0.25,0.045454545
4633->,-0.25,-0.25,0.25,-0.125,0.045454545
4650->,0.125,0,0,0,0.045454545
4653->,0.75,0,0,0,0.045454545
4684->,0,0.125,0,0.375,0.045454545
4729->,0.125,0,0,0,0.045454545
5196->,-0.375,0.125,-0.375,0,0.045454545
5276->,0.125,0.125,0.125,0.25,0.045454545
5290->,0,0.25,-0.125,0,0.045454545
5323->,0,-0.5,-0.25,-0.125,0.045454545
5342->,0.375,0,0.375,0,0.045454545
5388->,0.125,-0.375,-0.5,-0.25,0.045454545
5420->,0,0,-0.5,0.375,0.045454545
5426->,-0.125,-0.75,0,-0.5,0.045454545
5452->,-0.125,0,0,-0.125,0.045454545
5481->,0.375,0,0.125,0,0.045454545
5482->,0,0.125,0,0.5,0.045454545
5484->,0,0.25,0.75,0,0.045454545
5511->,0,0.125,-0.125,0,0.045454545
5515->,0.125,0.125,0,0.125,0.045454545
5516->,0.125,0,0.125,0,0.045454545
5560->,0,0.125,0.125,0,0.045454545
5937->,0,0.5,0,0,0.045454545
5971->,0,0.125,0,0.25,0.045454545
5996->,0,-0.25,0,0,0.045454545
5998->,0,0.5,0,0.5,0.045454545
6003->,-0.75,-0.125,0,0.125,0.045454545
6030->,-0.25,0.25,0,0.5,0.045454545
6188->,-0.125,-0.25,0,-0.125,0.045454545
6200->,-0.125,0,-0.5,0,0.045454545
6347->,0,-0.25,0.125,0,0.045454545
6774->,-0.25,0.25,0.25,0,0.045454545
6787->,0,0,0,0,0.045454545
6827->,0,0,0,-0.25,0.045454545
6901->,-0.125,0,0,0,0.045454545
6904->,0,-0.125,0,-0.125,0.045454545
6934->,-0.125,0,-0.375,-0.125,0.045454545
7004->,0.375,0.5,0.375,0,0.045454545
7030->,0,-0.125,0,-0.125,0.045454545
7094->,-0.25,0,0,-0.25,0.045454545
7126->,0,0,0.25,0.25,0.045454545
7157->,0.125,0.25,0,0,0.045454545
7191->,0.125,0.125,0.125,0,0.045454545
7192->,0.125,0,0,0.125,0.045454545
7354->,0.125,0.125,-0.125,0.125,0.045454545
7627->,0.125,-0.25,0,0.125,0.045454545
7629->,0.875,-0.25,0.25,-1,0.045454545
7634->,0,0.25,0,0,0.045454545
7661->,-0.125,0.25,0,0.75,0.045454545
7666->,0,0,0,0.125,0.045454545
7692->,0.125,-0.75,0,0,0.045454545
7697->,0,0.25,-0.125,0,0.045454545
7730->,-0.25,0,-0.75,-0.5,0.045454545
7731->,0,-0.75,-0.5,-0.125,0.045454545
7785->,0,0,-0.25,0.75,0.045454545
7831->,0,-0.25,0,0,0.045454545
7863->,0,0.125,0,0,0.045454545
7886->,0,0.75,0,0.25,0.045454545
7913->,-0.25,0.25,0,-0.5,0.045454545
7991->,0,0,-0.125,0,0.045454545
8317->,0,0,0,0.25,0.045454545
8319->,0,-0.125,0,0,0.045454545
8352->,0,-0.125,-0.125,-0.125,0.045454545
8432->,0,0.5,0,0.75,0.045454545
8464->,0,0.25,-0.5,0,0.045454545
8465->,0.25,0,0,0.25,0.045454545
8497->,0.25,-0.25,0,0,0.045454545
8522->,-0.125,0,0,0.125,0.045454545
8527->,-0.75,-0.125,0,0,0.045454545
8530->,0.375,-0.875,0,-0.125,0.045454545
8561->,0,-0.375,-0.25,0,0.045454545
8585->,-0.125,0,0,0,0.045454545
8726->,-0.375,0.75,0,0,0.045454545
8838->,0,0,0,0,0.045454545
9150->,0.5,-0.125,0,-0.125,0.045454545
9183->,0,-0.125,0,-0.125,0.045454545
9268->,0,0.25,0.5,0,0.045454545
9269->,0.25,0,0,0,0.045454545
9300->,0,0,0.25,0,0.045454545
9324->,-0.375,0,0,0.875,0.045454545
9332->,0,0.125,0.125,0.125,0.045454545
9333->,0.125,0,0.125,-0.125,0.045454545
9428->,-0.375,-0.125,0,-0.125,0.045454545
9489->,0,0,-0.25,-0.125,0.045454545
9501->,-0.125,0,0,0,0.045454545
9682->,0.125,0,0,0.875,0.045454545
9983->,0.125,0,0,0,0.045454545
9984->,0,-0.125,0,-0.125,0.045454545
10046->,-0.5,0,-0.25,0,0.045454545
10095->,0.75,0.5,0.5,0.5,0.045454545
121->,-0.125,-0.125,-0.125,-0.25,0.090909091
293->,0,0,0.5,0,0.090909091
2743->,0.75,-0.125,0.75,-0.125,0.090909091
3571->,-0.5,-0.125,0,-0.25,0.090909091
3661->,-1,0,0,-1,0.090909091
4160->,-0.125,0.5,0.25,-0.125,0.090909091
4275->,0,0.875,0.875,0.75,0.090909091
4276->,0.875,0,0.75,-0.125,0.090909091
4308->,-0.125,0.125,0,0.125,0.090909091
4340->,0.125,-0.125,0.125,0.125,0.090909091
4427->,0,0.25,-0.125,0.125,0.090909091
4478->,0,-0.25,0,0,0.090909091
4680->,-0.125,0,-0.125,0.125,0.090909091
4697->,0.125,0.25,0.125,0.125,0.090909091
4992->,0.25,0,0.5,0,0.090909091
5023->,-0.125,0,-0.375,0.25,0.090909091
5107->,0,0.75,0.875,0,0.090909091
5132->,0,-0.125,0,0,0.090909091
5139->,0.5,0,-0.125,0.125,0.090909091
5165->,0,0,0.375,0,0.090909091
5171->,0.5,0,0.125,-0.125,0.090909091
5198->,-0.125,0,0,-0.375,0.090909091
5227->,-0.125,0.25,-0.375,0.375,0.090909091
5448->,-0.125,-0.375,0.125,0,0.090909091
5823->,-0.875,0,0.25,0,0.090909091
5970->,-0.5,0,0.5,0,0.090909091
6002->,1,-0.75,0.5,0,0.090909091
6027->,-0.125,0,-0.375,0.125,0.090909091
6029->,0.375,-0.25,-0.125,0,0.090909091
6035->,0.75,-0.25,-0.25,-0.875,0.090909091
6090->,0.125,0,-0.25,0.25,0.090909091
6154->,0,-0.25,0,-0.5,0.090909091
6168->,0.125,0,-0.25,0,0.090909091
6688->,0,0,0,0.125,0.090909091
6755->,0,0,0,0,0.090909091
6775->,0.25,-0.125,0,0,0.090909091
6806->,0.25,0,0,0,0.090909091
6813->,-0.25,-0.125,-0.25,-0.125,0.090909091
6833->,0.5,0.5,1,-0.75,0.090909091
6838->,0,0.125,0.125,0.125,0.090909091
6839->,0.125,0.125,0.125,0,0.090909091
6871->,0,0,-0.125,0.125,0.090909091
6940->,0,-0.5,0,-0.25,0.090909091
6968->,0.25,0.25,0.125,0.125,0.090909091
6972->,-0.25,0,-0.25,-0.5,0.090909091
7052->,0.375,0,0.125,0,0.090909091
7055->,0,0.25,0.25,0,0.090909091
7058->,0.25,0.125,0.25,0.125,0.090909091
7158->,0.25,0,0,0,0.090909091
7159->,0,-0.125,0,-0.125,0.090909091
7189->,0,0.125,0.125,0.125,0.090909091
7190->,0.125,0.125,0.125,0.125,0.090909091
7224->,0.125,0,0.125,0,0.090909091
7450->,-0.125,0.125,0,0,0.090909091
7488->,0,0,0,0,0.090909091
7519->,0,-0.25,0,0,0.090909091
7583->,-0.25,0,0,-0.125,0.090909091
7600->,0,0,0,-0.25,0.090909091
7633->,-0.5,0,0,0,0.090909091
7690->,0.125,0,-0.25,-0.25,0.090909091
7693->,-0.75,0.125,0,0.25,0.090909091
7722->,-0.5,0,-0.25,0.25,0.090909091
7926->,-0.25,-0.25,0,0.125,0.090909091
7975->,0.125,0.25,0.25,0.125,0.090909091
8007->,0,0,-0.125,0,0.090909091
8008->,0,0.125,0,0.125,0.090909091
8039->,0,-0.125,0,0,0.090909091
8320->,-0.125,0,0,0,0.090909091
8321->,0,0,0,0,0.090909091
8492->,0,0,-0.125,0.25,0.090909091
8494->,0.875,0.25,0.75,-0.25,0.090909091
8498->,-0.25,0.125,0,0,0.090909091
8524->,0.125,-0.25,-0.75,0.125,0.090909091
8594->,0,0.5,0,0.75,0.090909091
8626->,0.25,0.5,0,0.25,0.090909091
8661->,0,0.125,0,0,0.090909091
8693->,-0.75,0,-0.25,0,0.090909091
8846->,0.25,0.125,0.25,0.125,0.090909091
9015->,0.25,0.25,0.125,0.125,0.090909091
9151->,-0.125,0,-0.125,0,0.090909091
9246->,0,0.25,0.25,0,0.090909091
9301->,0,-0.125,0,-0.125,0.090909091
9331->,-0.125,0,-0.125,0.125,0.090909091
9360->,0,0.125,0,0.375,0.090909091
9425->,-0.375,0.5,0,0.5,0.090909091
9493->,0,0.125,0.125,-0.125,0.090909091
9494->,0,-0.125,0,-0.125,0.090909091
9524->,-0.5,-0.25,-0.75,0,0.090909091
9717->,0.125,0.25,0.25,0,0.090909091
10127->,-0.75,0.25,-0.5,0,0.090909091
10158->,0.25,0.875,0,1,0.090909091
10159->,0.875,0.25,1,0.375,0.090909091
10160->,0.25,0,0.375,-0.25,0.090909091
10187->,0.125,-0.25,0,0,0.090909091
10190->,0,0,0,0,0.090909091
10222->,-0.75,0,0,0,0.090909091
336->,-1,-1,0,-0.125,0.136363636
491->,0,-0.125,0,-0.125,0.136363636
598->,0,-0.125,-0.125,-0.125,0.136363636
1934->,0,0.125,0.25,0.125,0.136363636
1935->,0.125,0.125,0.125,0,0.136363636
1966->,-0.25,0,0.125,0,0.136363636
1967->,0,0,0,0,0.136363636
1999->,0,-1,0,-0.5,0.136363636
2044->,-0.25,0,0,0,0.136363636
2559->,0,0.25,-0.125,0.25,0.136363636
3692->,0.25,0.5,0.25,-0.25,0.136363636
4096->,0,-0.125,0,-0.125,0.136363636
4243->,-0.5,-1,0,-1,0.136363636
4292->,0,0,0,0,0.136363636
4338->,0,0,-0.75,1,0.136363636
4370->,-0.5,0,0.5,0,0.136363636
4371->,0,-0.125,0,-0.125,0.136363636
4372->,-0.125,-0.75,-0.125,-1,0.136363636
4375->,0.25,0,0,0,0.136363636
4378->,0,-0.125,0.125,-0.125,0.136363636
4402->,0.5,-0.125,-0.5,-0.125,0.136363636
4406->,0.5,0,-0.25,0,0.136363636
4410->,-0.125,0,0,0,0.136363636
4446->,0.25,0,0.25,-0.25,0.136363636
4460->,0,0,0.125,0,0.136363636
4472->,0,-0.25,0.25,0,0.136363636
4536->,0,0.125,0,0,0.136363636
4537->,0.125,-0.125,0,0.125,0.136363636
4569->,-0.125,0.25,0,0,0.136363636
4595->,0,-0.5,-0.375,0,0.136363636
4601->,0,0,-0.25,0,0.136363636
4617->,0.125,0,0,0.25,0.136363636
4618->,0,0.25,0.25,0.25,0.136363636
4696->,0,0.125,0,0.125,0.136363636
4728->,0,0.125,0,0,0.136363636
4993->,0,0,0,-0.25,0.136363636
5106->,0,0,0,0.875,0.136363636
5140->,0,0.25,0.125,0.25,0.136363636
5170->,-0.375,0.5,0,0.125,0.136363636
5201->,0.375,-0.5,-0.5,0,0.136363636
5206->,-0.25,0,0.25,0,0.136363636
5233->,-0.875,0,0.5,-0.125,0.136363636
5264->,0,0,0,0.25,0.136363636
5265->,0,0.875,0.25,0,0.136363636
5296->,0,0,0,-0.25,0.136363636
5309->,-0.25,-0.25,0,-0.25,0.136363636
5368->,-0.375,-0.5,0.125,-0.125,0.136363636
5400->,0.25,0.75,-0.125,0.25,0.136363636
5432->,0,0.125,0,0,0.136363636
5464->,0,0,-0.25,-0.25,0.136363636
5495->,0.25,0,0,0.25,0.136363636
5527->,0.125,0.125,0,0.125,0.136363636
5528->,0.125,0.125,0.125,0.25,0.136363636
5529->,0.125,0,0.25,-0.125,0.136363636
5831->,0,0,0,-0.75,0.136363636
5855->,0.5,0,0,0,0.136363636
5938->,0.5,0.75,0,0.75,0.136363636
6033->,0,-0.25,-0.5,-0.125,0.136363636
6062->,0.25,-0.25,-0.25,-1,0.136363636
6067->,0.125,0,0.25,0.5,0.136363636
6103->,-0.375,-0.125,-0.125,-0.25,0.136363636
6173->,0.375,0,0.375,0,0.136363636
6199->,0,-0.125,-0.375,-0.5,0.136363636
6223->,0,0.25,-0.375,0,0.136363636
6231->,0,0,0.25,0.75,0.136363636
6232->,0,0.125,0.75,0,0.136363636
6249->,0,-0.25,0,0,0.136363636
6252->,0.25,0.125,0,0.125,0.136363636
6256->,-0.75,0,0.25,-0.125,0.136363636
6263->,0,-0.25,0,0.125,0.136363636
6295->,0.25,0.25,0,0,0.136363636
6315->,0.125,0.75,0,0.25,0.136363636
6359->,0.125,0.125,0.125,0.125,0.136363636
6773->,0.75,-0.25,0.75,0.25,0.136363636
6800->,0,0,0,-0.5,0.136363636
6807->,0,0,0,-0.25,0.136363636
6837->,0.125,0,0,0.125,0.136363636
6870->,0.125,0,0,-0.125,0.136363636
6872->,0,-0.125,0.125,0,0.136363636
6891->,-0.25,0.25,0.125,0,0.136363636
6902->,0,-0.125,0,0.125,0.136363636
6903->,-0.125,0,0.125,0,0.136363636
6908->,0,0,0.25,0.25,0.136363636
6958->,-0.75,0,0,0,0.136363636
6964->,0,0.25,0,0,0.136363636
7023->,0.5,0.5,0.5,0.25,0.136363636
7054->,1,0,0,0.25,0.136363636
7487->,0.25,0,0.25,0,0.136363636
7490->,0,0,0,-0.125,0.136363636
7491->,0,-0.125,-0.125,-0.125,0.136363636
7660->,0.25,-0.125,0,0,0.136363636
7663->,0.75,-0.25,0.5,0.5,0.136363636
7664->,-0.25,1,0.5,0.5,0.136363636
7725->,0.75,-0.125,0,-0.5,0.136363636
7753->,0.125,0,-0.125,-0.5,0.136363636
7766->,-0.125,-0.25,0,-0.375,0.136363636
240->,0.25,-0.125,-0.25,-0.125,0.181818182
241->,-0.125,0,-0.125,0,0.181818182
492->,-0.125,0,-0.125,-0.125,0.181818182
843->,0.125,0.875,0,0.875,0.181818182
897->,-0.375,0.5,0,0,0.181818182
1072->,0,0,-0.125,0,0.181818182
1524->,0.125,0.125,0.125,0.125,0.181818182
1728->,-0.125,0.25,-0.375,0.5,0.181818182
1902->,0.25,0.375,-0.25,0,0.181818182
1998->,0,0,-0.875,0,0.181818182
2734->,0.125,0,0.375,-0.125,0.181818182
3390->,-0.125,0,0,0.25,0.181818182
3391->,0,-0.25,0.25,-0.25,0.181818182
3565->,0,0,0.125,0,0.181818182
3574->,0.75,-0.25,0.75,-0.125,0.181818182
3705->,0,0,0.25,0,0.181818182
3854->,0.375,0.125,0.125,0.125,0.181818182
4314->,0,0,-0.125,0,0.181818182
4345->,0.125,0.125,0,0,0.181818182
4396->,-0.375,0.375,0,0,0.181818182
4407->,0,0,0,0,0.181818182
4428->,0.25,0.125,0.125,0.125,0.181818182
4433->,0,0.25,-0.25,0,0.181818182
4434->,0.25,0,0,-0.125,0.181818182
4439->,-0.25,-0.125,-0.125,-0.375,0.181818182
4440->,-0.125,-0.125,-0.375,-0.125,0.181818182
4471->,0,0,-0.25,0.25,0.181818182
4473->,-0.25,0.125,0,0.25,0.181818182
4474->,0.125,0.25,0.25,0.125,0.181818182
4503->,0,-0.25,0,-0.25,0.181818182
4504->,-0.25,0.25,-0.25,0,0.181818182
4505->,0.25,0,0,-0.125,0.181818182
4545->,0.375,0.5,0.375,0.25,0.181818182
4591->,0.125,0,0.125,0.125,0.181818182
4652->,0.5,0.75,0.375,0,0.181818182
4665->,0.25,0,0,0,0.181818182
4762->,0,-0.125,-0.125,-0.125,0.181818182
5145->,0.25,-0.125,0,0,0.181818182
5175->,0.125,0,0,0.125,0.181818182
5177->,0.125,0,0.125,0,0.181818182
5209->,0,0,0,-0.125,0.181818182
5236->,0.25,0.5,0.5,0.5,0.181818182
5238->,-0.25,0,0,0,0.181818182
5241->,-0.125,0,-0.125,0,0.181818182
5270->,0,-0.125,-0.25,-0.125,0.181818182
5272->,-0.125,-0.25,-0.125,0,0.181818182
5277->,0.125,0,0.25,0,0.181818182
5302->,0.25,-0.25,0,0,0.181818182
5303->,-0.25,0.125,0,-0.25,0.181818182
5304->,0.125,0.25,-0.25,0.125,0.181818182
5335->,0,0,-0.25,0.25,0.181818182
5336->,0,-0.25,0.25,0,0.181818182
5367->,0,-0.375,0,0.125,0.181818182
5399->,0,0.25,0,-0.125,0.181818182
5496->,0,-0.125,0.25,0,0.181818182
6006->,0,0.125,0.125,0,0.181818182
6038->,0,0,0,0,0.181818182
6069->,-0.375,0,-0.25,0,0.181818182
6073->,0,-0.125,0,-0.125,0.181818182
6096->,-0.75,0.5,0,0.875,0.181818182
6099->,-0.375,0,0,0.25,0.181818182
6101->,0.25,-0.375,0,-0.125,0.181818182
6128->,0,0,0,-0.125,0.181818182
6134->,0,0.25,-0.25,0.125,0.181818182
6135->,0.25,0,0.125,0.25,0.181818182
6136->,0,0.125,0.25,0.25,0.181818182
6140->,-0.5,-0.25,-0.25,-0.25,0.181818182
6166->,0.25,-0.25,0,0,0.181818182
6167->,-0.25,0.125,0,-0.25,0.181818182
6250->,-0.25,-0.25,0,0,0.181818182
6264->,-0.25,0,0.125,0,0.181818182
6312->,0.375,0.25,0.375,0,0.181818182
6314->,0.125,0.125,0.125,0,0.181818182
6327->,0,0,0,-0.125,0.181818182
6358->,0.125,0.125,0.125,0.125,0.181818182
6360->,0.125,0,0.125,0,0.181818182
6428->,0,0.125,-0.125,0,0.181818182
6658->,0,0,0.125,0,0.181818182
6768->,0,0,0,0.5,0.181818182
6805->,0.125,0.25,0.125,0,0.181818182
6816->,-0.5,0,-0.5,0,0.181818182
6876->,0.75,-0.25,0,-0.25,0.181818182
6907->,-0.125,0,0,0.25,0.181818182
6939->,0,0,0.125,0,0.181818182
6997->,0.25,0.25,0.25,-0.25,0.181818182
7001->,0,0,0,0,0.181818182
7265->,0.125,0,0.125,0.125,0.181818182
7605->,-0.125,0.25,-0.25,0.25,0.181818182
7616->,0.25,0,0.125,0,0.181818182
7631->,0,0.75,0,0,0.181818182
7632->,0.75,-0.5,0,0,0.181818182
7698->,0.25,0,0,-0.375,0.181818182
7700->,-0.125,0,-0.125,0.125,0.181818182
7701->,0,0,0.125,0,0.181818182
7702->,0,0,0,0,0.181818182
7732->,-0.75,0,-0.125,0,0.181818182
4->,0.25,0,0,0,0.227272727
34->,-0.25,-0.125,-0.5,-0.375,0.227272727
65->,0,0,0,0.25,0.227272727
66->,0,0,0.25,0,0.227272727
98->,0,-0.25,-0.25,-0.5,0.227272727
114->,-1,-0.25,-0.5,-0.125,0.227272727
208->,-0.375,0.25,0,0.25,0.227272727
239->,-0.125,0.25,-0.125,-0.25,0.227272727
247->,0,-0.125,0.125,0,0.227272727
271->,-0.375,0.25,-0.25,0.5,0.227272727
272->,0.25,0.125,0.5,0.125,0.227272727
303->,0,0,0,0,0.227272727
304->,0,0,0,0,0.227272727
335->,0,-1,0,0,0.227272727
367->,-0.5,0.875,-0.5,0,0.227272727
369->,0.75,0,-0.875,0,0.227272727
566->,0,0,0.125,0,0.227272727
835->,-0.125,0,0.25,0,0.227272727
945->,-1,-0.25,-1,-0.25,0.227272727
1039->,-0.125,0.375,-0.375,0.25,0.227272727
1040->,0.375,0.125,0.25,0.125,0.227272727
1042->,-0.25,-0.5,0,-0.5,0.227272727
1071->,-0.25,0,0.25,-0.125,0.227272727
1102->,-0.25,0.25,-0.375,0.25,0.227272727
1103->,0.25,0.125,0.25,0.125,0.227272727
1134->,-0.25,0.125,0,0,0.227272727
1135->,0.125,0,0,0,0.227272727
1166->,0.5,-0.875,0,-1,0.227272727
1198->,-0.25,0,-0.5,0.875,0.227272727
1761->,0,0.25,0,0,0.227272727
1808->,0.75,0.25,0.75,0.125,0.227272727
1870->,-0.5,-0.25,-0.125,0.375,0.227272727
1871->,-0.25,0.25,0.375,0.125,0.227272727
1872->,0.25,-0.25,0.125,-0.25,0.227272727
1965->,-0.125,-0.25,-0.25,0.125,0.227272727
1997->,0.125,0,0.5,-0.875,0.227272727
2061->,-0.375,0.25,-0.25,0.5,0.227272727
2354->,0.125,0,0,0.125,0.227272727
2498->,-0.25,-0.375,0,-0.5,0.227272727
2530->,0.25,0,0,0.25,0.227272727
2607->,-1,-0.5,-1,-0.5,0.227272727
2639->,0.5,0.25,0.75,0.25,0.227272727
2640->,0.25,0.125,0.25,0.125,0.227272727
2672->,-0.25,0,0,0,0.227272727
2702->,0,0.125,-0.25,0.25,0.227272727
2704->,0.375,-0.125,-0.25,-0.125,0.227272727
2733->,-0.375,0.125,0.25,0.375,0.227272727
2765->,0.25,0.125,0,0.125,0.227272727
2766->,0.125,0.125,0.125,0.125,0.227272727
2797->,-0.25,0,-0.25,0,0.227272727
2798->,0,0,0,0,0.227272727
2828->,0,0,0.125,0,0.227272727
2829->,0,0,0,0,0.227272727
2861->,0.25,-0.25,0,-0.25,0.227272727
2862->,-0.25,0.5,-0.25,0.75,0.227272727
2990->,0.125,0.25,0,0,0.227272727
3533->,0,0.125,0,0.125,0.227272727
3534->,0.125,-0.875,0.125,0.375,0.227272727
3566->,0,0.875,0,-0.125,0.227272727
3596->,-0.125,0.125,0.25,0.125,0.227272727
3597->,0.125,0.125,0.125,0.125,0.227272727
3628->,0,0.125,-0.25,0,0.227272727
3659->,0,-0.25,0,0,0.227272727
3660->,-0.25,-1,0,0,0.227272727
3755->,-0.375,-0.25,0,-0.25,0.227272727
4192->,-0.375,0.25,0,0,0.227272727
4280->,0.5,0.375,0.5,0,0.227272727
4281->,0.375,-0.125,0,0,0.227272727
4312->,0.375,-0.125,0.375,0.25,0.227272727
4313->,-0.125,0,0.25,-0.125,0.227272727
4344->,0,0.125,0,0,0.227272727
4377->,0,0,0.125,0.125,0.227272727
4409->,0,-0.125,0,0,0.227272727
4414->,0,-0.125,-0.25,-0.125,0.227272727
4442->,0,-0.125,-0.125,0,0.227272727
4465->,0,-0.25,-0.75,0.5,0.227272727
4466->,-0.25,0,0.5,0,0.227272727
4512->,0,0.5,0.5,0.5,0.227272727
4568->,0,-0.125,0.375,0,0.227272727
4593->,-0.5,0.25,-0.5,0,0.227272727
4698->,0.25,-0.125,0.125,-0.125,0.227272727
4813->,-0.25,0,-0.25,0,0.227272727
5111->,0.5,0.75,0.5,0.375,0.227272727
5112->,0.75,-0.375,0.375,-0.125,0.227272727
5113->,-0.375,0,-0.125,0,0.227272727
5122->,0,0,0,0,0.227272727
5143->,0.25,0,0.375,-0.125,0.227272727
5144->,0,0.25,-0.125,0,0.227272727
5169->,0.5,-0.375,0,0,0.227272727
5172->,0,0.125,-0.125,0.25,0.227272727
5176->,0,0.125,0.125,0.125,0.227272727
5202->,-0.5,-0.125,0,-0.125,0.227272727
5207->,0,0,0,0,0.227272727
5208->,0,0,0,0,0.227272727
5245->,0.125,0,0,-0.125,0.227272727
5273->,-0.25,-0.125,0,-0.125,0.227272727
113->,-0.25,-1,-0.5,-0.5,0.272727273
145->,-0.25,0.875,0,0.25,0.272727273
146->,0.875,0,0.25,-0.125,0.272727273
177->,0.25,0,0.25,-0.75,0.272727273
178->,0,0,-0.75,0,0.272727273
210->,0.125,0,1,-0.25,0.272727273
302->,0,0,-0.125,0,0.272727273
321->,0,0,0,0,0.272727273
322->,0,-0.25,0,0,0.272727273
337->,-1,-0.375,-0.125,-0.375,0.272727273
353->,0,0.25,0.25,0.25,0.272727273
400->,-0.125,-0.25,-0.25,0.75,0.272727273
401->,-0.25,0,0.75,0,0.272727273
432->,0,0.25,0,-0.25,0.272727273
433->,0.25,0,-0.25,-0.5,0.272727273
464->,0,-0.25,0,-0.5,0.272727273
465->,-0.25,0,-0.5,0.75,0.272727273
496->,0,0.25,0,0.75,0.272727273
497->,0.25,0.25,0.75,0,0.272727273
528->,0.25,0.25,0.125,0.25,0.272727273
529->,0.25,0,0.25,0,0.272727273
836->,0,0.5,0,-0.25,0.272727273
866->,-0.875,0,-0.125,0,0.272727273
929->,0,0,0,-0.25,0.272727273
944->,-0.25,-1,-0.25,-1,0.272727273
976->,-0.25,0.75,-0.25,0.875,0.272727273
977->,0.75,0.125,0.875,0,0.272727273
978->,0.125,0.25,0,0.125,0.272727273
1008->,0,0.125,0.25,0,0.272727273
1009->,0.125,-0.125,0,0,0.272727273
1010->,-0.125,0,0,0.125,0.272727273
1152->,0,-0.25,0,0,0.272727273
1153->,-0.25,0.25,0,-0.25,0.272727273
1167->,-0.875,0,-1,-1,0.272727273
1200->,-0.5,-0.5,0.75,0,0.272727273
1230->,-0.25,0.5,0,-0.125,0.272727273
1232->,0,0,-0.25,0,0.272727273
1327->,0,-0.25,0,0.25,0.272727273
1328->,-0.25,0,0.25,0.25,0.272727273
1359->,0.125,0.375,0.25,0.25,0.272727273
1360->,0.375,0.125,0.25,0,0.272727273
1697->,-0.375,0,-0.875,0,0.272727273
1698->,0,0,0,0.25,0.272727273
1699->,0,0.25,0.25,0,0.272727273
1775->,0,-1,-0.25,-1,0.272727273
1807->,-0.125,0.75,-0.25,0.75,0.272727273
1809->,0.25,0.125,0.125,0.25,0.272727273
1839->,-0.125,0,0,0.125,0.272727273
1840->,0,0,0.125,-0.125,0.272727273
1841->,0,0,-0.125,0,0.272727273
1873->,-0.25,-0.125,-0.25,-0.5,0.272727273
1933->,0.125,0,-0.25,0.25,0.272727273
1955->,0,0,0,0,0.272727273
1983->,0,0,0,-0.25,0.272727273
1984->,0,0,-0.25,0.25,0.272727273
2015->,0,0.25,0,0.375,0.272727273
2063->,-0.25,-0.25,0,0,0.272727273
2095->,0,-0.5,-0.5,0,0.272727273
2096->,-0.5,0,0,-0.25,0.272727273
2127->,0.25,0.75,0.75,0.75,0.272727273
2158->,0.125,0,0,-0.25,0.272727273
2159->,0,0,-0.25,0,0.272727273
2190->,0,0.125,0.125,0.375,0.272727273
2191->,0.125,0.125,0.375,0.125,0.272727273
2238->,0,0,0,0,0.272727273
2528->,-0.375,0,-0.375,0,0.272727273
2606->,0,-1,0,-1,0.272727273
2608->,-0.5,0.25,-0.5,0.25,0.272727273
2638->,0,0.5,-0.125,0.75,0.272727273
2670->,-0.25,0.25,-0.125,0,0.272727273
2671->,0.25,-0.25,0,0,0.272727273
2701->,0,0,-0.5,-0.25,0.272727273
2764->,-0.125,0.25,0.125,0,0.272727273
2796->,0.125,-0.25,-0.125,-0.25,0.272727273
2802->,0.125,0,0.375,-0.75,0.272727273
2815->,-0.375,0,0,0,0.272727273
2846->,0,0.5,0,0.25,0.272727273
2860->,0,0.25,-0.125,0,0.272727273
2878->,-0.125,-0.5,0,-0.25,0.272727273
2894->,0,0,-0.25,-0.25,0.272727273
2926->,0,0,0,-0.5,0.272727273
2927->,0,0,-0.5,0,0.272727273
2958->,0,0,0.25,0.75,0.272727273
2963->,0,0,0.25,0,0.272727273
2991->,0.25,0,0,0.125,0.272727273
3022->,0,0.125,0.125,0.125,0.272727273
3035->,0.125,0.125,0.125,0,0.272727273
3041->,-0.125,-0.125,-0.125,0,0.272727273
3329->,0.25,-0.125,-0.25,-0.375,0.272727273
3438->,-0.5,-1,-1,-0.5,0.272727273
3439->,-1,0.25,-0.5,0.25,0.272727273
3469->,0,0,0,0.5,0.272727273
3470->,0,0.875,0.5,0.25,0.272727273
3471->,0.875,0,0.25,0.125,0.272727273
3475->,-0.25,-0.875,-0.25,-0.125,0.272727273
3502->,0.25,0,0.25,-0.25,0.272727273
5->,0,-0.25,0,0,0.318181818
35->,-0.125,0,-0.375,0.75,0.318181818
120->,0.75,-0.125,0.5,-0.125,0.318181818
151->,-0.125,0,-0.125,0,0.318181818
152->,0,0.125,0,0,0.318181818
184->,-0.25,-0.125,0,0,0.318181818
187->,0,0.125,0,0.125,0.318181818
190->,0.125,0,0,-0.125,0.318181818
207->,0,-0.375,-0.125,0,0.318181818
209->,0.25,0.125,0.25,1,0.318181818
215->,0,0.5,-0.125,0.375,0.318181818
216->,0.5,-0.25,0.375,-0.125,0.318181818
219->,0,0,0,0,0.318181818
222->,0,-0.125,0,0.125,0.318181818
246->,0,0,0,0.125,0.318181818
254->,0,0,0,-0.125,0.318181818
277->,-0.75,0.5,-0.75,0,0.318181818
278->,0.5,0,0,0,0.318181818
285->,-0.25,0,0,-0.125,0.318181818
287->,-0.125,-0.125,-0.125,0,0.318181818
290->,0.25,0,0,0,0.318181818
310->,-0.5,-0.25,-0.5,-0.25,0.318181818
311->,-0.25,-0.25,-0.25,0,0.318181818
317->,-0.5,-0.125,-0.125,0.125,0.318181818
318->,-0.125,0.25,0.125,0.25,0.318181818
319->,0.25,0.125,0.25,0,0.318181818
334->,0,0,0.125,0,0.318181818
349->,0.75,0.125,0,0.125,0.318181818
368->,0.875,0.75,0,-0.875,0.318181818
399->,0,-0.125,0,-0.25,0.318181818
661->,0,0,0,0,0.318181818
951->,0.875,0.25,0.75,-0.125,0.318181818
982->,-0.125,-0.875,-0.125,0,0.318181818
983->,-0.875,0,0,0.125,0.318181818
989->,0,0.125,0.25,0,0.318181818
1007->,0.125,0,0.125,0.25,0.318181818
1015->,0.75,0,-0.25,-0.125,0.318181818
1018->,0,0.125,0,0.125,0.318181818
1019->,0.125,0,0.125,0,0.318181818
1021->,0,-0.125,0.125,0,0.318181818
1047->,0.25,-0.25,0.5,-0.25,0.318181818
1050->,0,0,0,0,0.318181818
1053->,0.125,0,0,-0.125,0.318181818
1077->,-0.875,0.125,0,0,0.318181818
1082->,-0.125,0,-0.125,0,0.318181818
1085->,-0.125,0,0,0,0.318181818
1109->,0.75,0.125,0.5,0,0.318181818
1116->,-0.375,0,-0.25,0,0.318181818
1117->,0,-0.125,0,-0.125,0.318181818
1118->,-0.125,0,-0.125,-0.125,0.318181818
1121->,0,-0.25,0.25,0,0.318181818
1141->,-0.75,-0.25,-0.5,-0.25,0.318181818
1147->,0.25,0.375,0.25,-0.5,0.318181818
1148->,0.375,-0.25,-0.5,-0.125,0.318181818
1150->,0.25,0.125,0.25,0.125,0.318181818
1180->,0,0.25,0.75,0.125,0.318181818
1184->,0,0.375,0,0.25,0.318181818
1203->,-0.125,-0.5,-0.125,-0.5,0.318181818
1216->,-1,-0.375,0,-0.5,0.318181818
1236->,0,0,0.5,0.5,0.318181818
1264->,-0.5,0,0.25,0,0.318181818
1296->,0.75,0.75,-0.25,0,0.318181818
1300->,-0.125,-0.25,-0.125,0,0.318181818
1491->,-0.125,0,-0.125,0,0.318181818
1492->,0,0,0,0,0.318181818
1667->,0,-0.5,0,0.5,0.318181818
1776->,-1,-0.5,-1,-0.25,0.318181818
1777->,-0.5,0.25,-0.25,0.75,0.318181818
1782->,0.375,0,0.875,0.25,0.318181818
1783->,0,-0.5,0.25,-0.25,0.318181818
1813->,0,0,-0.125,-0.875,0.318181818
1814->,0,0,-0.875,0,0.318181818
1815->,0,0.375,0,0.125,0.318181818
1845->,-0.375,0.125,0,0.75,0.318181818
1846->,0.125,0,0.75,0,0.318181818
1850->,0.125,0.125,0.125,0,0.318181818
1852->,-0.125,0,0,-0.125,0.318181818
1879->,-0.25,-1,-0.25,-0.5,0.318181818
1881->,0,0,0,0,0.318181818
1884->,0.125,0,0.125,0,0.318181818
1908->,-0.25,0,-0.875,0.125,0.318181818
1913->,-0.125,0,-0.125,0,0.318181818
1916->,0,-0.125,-0.125,0,0.318181818
1940->,0,0.875,0.75,0.125,0.318181818
1947->,-0.375,-0.125,-0.375,0,0.318181818
1949->,0,-0.125,-0.125,0,0.318181818
1952->,-0.125,0,0,-0.25,0.318181818
1972->,-0.75,-0.125,-0.75,-0.25,0.318181818
1978->,0,0.25,0.25,0.375,0.318181818
1979->,0.25,-0.25,0.375,-0.25,0.318181818
1981->,0.25,0.25,0.25,0.125,0.318181818
2010->,0.25,0.125,0,0,0.318181818
2011->,0.125,0.25,0,0.25,0.318181818
2029->,-0.125,0,-0.25,0,0.318181818
2051->,0.25,0.375,0.375,0.5,0.318181818
2064->,-0.25,-0.25,0,0.25,0.318181818
6->,-0.25,-0.125,0,-0.125,0.363636364
37->,0.25,0.25,0.75,0.25,0.363636364
125->,0.25,-0.25,0.75,-0.25,0.363636364
144->,-0.25,-0.25,-0.125,0,0.363636364
156->,0.25,0.125,0.25,0.125,0.363636364
157->,0.125,0.25,0.125,0.375,0.363636364
158->,0.25,0,0.375,0,0.363636364
176->,0.125,0.25,0,0.25,0.363636364
179->,0,0.125,0,0,0.363636364
182->,0,0.25,0.5,0.25,0.363636364
183->,0.25,-0.25,0.25,0,0.363636364
188->,0.125,0,0.125,0,0.363636364
189->,0,0.125,0,0,0.363636364
211->,0,-0.5,-0.25,-0.5,0.363636364
214->,0,0,0,-0.125,0.363636364
248->,-0.125,0.25,0,0,0.363636364
251->,-0.125,0,-0.125,0,0.363636364
258->,-0.25,0,0.25,-0.25,0.363636364
261->,0,0,0,0,0.363636364
264->,-0.125,0,0,0,0.363636364
284->,-0.375,-0.25,-0.375,0,0.363636364
286->,0,-0.125,-0.125,-0.125,0.363636364
289->,0,0.25,-0.25,0,0.363636364
316->,0.25,-0.5,0.25,-0.125,0.363636364
342->,0,-0.25,0,0,0.363636364
343->,-0.25,-0.5,0,0,0.363636364
356->,0,-0.375,0.75,-0.5,0.363636364
381->,0.125,-0.125,0,-0.5,0.363636364
389->,0.375,0.375,0.375,1,0.363636364
405->,0.5,0.5,0,0.75,0.363636364
430->,-1,0.5,-1,0,0.363636364
437->,0.375,0.25,0.5,0,0.363636364
469->,-0.125,0,0.25,-0.25,0.363636364
470->,0,0,-0.25,0,0.363636364
500->,0.25,0,0,0.125,0.363636364
510->,-0.25,0,-0.25,0,0.363636364
530->,0,0,0,-0.125,0.363636364
531->,0,0,-0.125,0,0.363636364
532->,0,0,0,0,0.363636364
542->,0.5,-0.125,0.5,0,0.363636364
562->,0,-0.125,0,0,0.363636364
563->,-0.125,0.125,0,0.125,0.363636364
564->,0.125,0.125,0.125,0,0.363636364
565->,0.125,0,0,0.125,0.363636364
593->,0,0.125,-0.125,0,0.363636364
595->,-0.25,0.125,-0.25,0.125,0.363636364
597->,0,0,-0.125,-0.125,0.363636364
606->,-0.125,0,-0.125,0,0.363636364
625->,0,-0.125,0,0,0.363636364
626->,-0.125,0.25,0,0.25,0.363636364
629->,-0.125,0,0,0,0.363636364
630->,0,0,0,0,0.363636364
657->,-0.125,0,-0.125,0,0.363636364
660->,-0.125,0,-0.125,0,0.363636364
662->,0,-0.125,0,-0.125,0.363636364
663->,-0.125,-0.375,-0.125,-0.125,0.363636364
691->,0.125,0,0.25,0,0.363636364
723->,0.125,0.125,0,0.125,0.363636364
837->,0.5,0,-0.25,-0.125,0.363636364
867->,0,0.25,0,0.25,0.363636364
868->,0.25,0,0.25,0.25,0.363636364
956->,0.75,-0.125,0.25,-0.25,0.363636364
957->,-0.125,-0.125,-0.25,0,0.363636364
987->,0.25,0.125,0.25,0.125,0.363636364
988->,0.125,0,0.125,0.25,0.363636364
1013->,0.5,0,0,0.25,0.363636364
1020->,0,0,0,0.125,0.363636364
1045->,0.375,-0.125,0,0,0.363636364
1051->,0,0,0,0,0.363636364
1052->,0,0.125,0,0,0.363636364
1070->,0,-0.25,-0.125,0.25,0.363636364
1079->,-0.125,0.375,-0.125,0.25,0.363636364
1083->,0,0,0,-0.125,0.363636364
1084->,0,-0.125,-0.125,0,0.363636364
1089->,-0.125,0.25,-0.25,0,0.363636364
1115->,-0.375,-0.375,-0.375,-0.25,0.363636364
1149->,-0.25,0.25,-0.125,0.25,0.363636364
1174->,-0.25,0.25,-0.25,-0.5,0.363636364
1187->,0,0,0,-0.375,0.363636364
1188->,0,0.5,-0.375,0.5,0.363636364
1202->,-0.25,-0.125,-0.375,-0.125,0.363636364
1206->,0,0,0,0.75,0.363636364
1212->,-0.125,0,0.125,-0.125,0.363636364
1220->,0.375,0.5,0.375,0.375,0.363636364
1233->,0,0.25,0,0.375,0.363636364
1268->,1,0.75,0.375,0.25,0.363636364
1293->,0,0,0,0.25,0.363636364
1301->,-0.25,0,0,0,0.363636364
1331->,0,0,0.25,0,0.363636364
1332->,0,0.25,0,0.125,0.363636364
1341->,0,0,-0.25,0,0.363636364
1361->,0.125,0,0,0,0.363636364
1362->,0,0.25,0,0,0.363636364
1363->,0.25,-0.125,0,0,0.363636364
7->,-0.125,-0.125,-0.125,-0.125,0.409090909
36->,0,0.25,0.75,0.75,0.409090909
38->,0.25,-0.25,0.25,0,0.409090909
39->,-0.25,0,0,0,0.409090909
67->,0,0,0,-0.25,0.409090909
68->,0,0,-0.25,0,0.409090909
71->,-0.5,0.125,-0.75,0.125,0.409090909
99->,-0.25,0,-0.5,0.25,0.409090909
100->,0,0,0.25,0,0.409090909
103->,0,0,0,-0.125,0.409090909
119->,0.875,0.75,0.875,0.5,0.409090909
126->,-0.25,0,-0.25,0,0.409090909
129->,0,-0.25,0,-0.5,0.409090909
130->,-0.25,0.25,-0.5,0.5,0.409090909
131->,0.25,-0.25,0.5,0,0.409090909
132->,-0.25,0.125,0,0.125,0.409090909
147->,0,0.125,-0.125,0.25,0.409090909
162->,-0.5,-0.25,0,0.25,0.409090909
163->,-0.25,0.25,0.25,0,0.409090909
175->,0.5,0.125,0.5,0,0.409090909
194->,0,-0.5,0,-0.25,0.409090909
195->,-0.5,-0.25,-0.25,-0.25,0.409090909
196->,-0.25,-0.875,-0.25,-0.5,0.409090909
220->,0,0,0,0,0.409090909
221->,0,0,0,0,0.409090909
226->,0.75,0.75,0.5,0.25,0.409090909
227->,0.75,0,0.25,-0.5,0.409090909
231->,0.375,0,0.375,0,0.409090909
232->,0,0,0,0,0.409090909
242->,0,0.125,0,0.25,0.409090909
243->,0.125,0.25,0.25,0.25,0.409090909
252->,0,-0.125,0,0,0.409090909
253->,-0.125,0,0,0,0.409090909
259->,0,0,-0.25,0.75,0.409090909
260->,0,0,0.75,0,0.409090909
274->,0,0,0,0.125,0.409090909
276->,0,-0.75,0,-0.75,0.409090909
292->,0.25,0,-0.25,0.5,0.409090909
307->,0,-0.25,0.125,0.25,0.409090909
324->,0,0.875,-0.5,0.5,0.409090909
325->,0.875,0,0.5,0,0.409090909
338->,-0.375,0,-0.375,-0.25,0.409090909
357->,-0.375,0.5,-0.5,0,0.409090909
370->,0,-0.375,0,0.125,0.409090909
371->,-0.375,-0.125,0.125,-0.125,0.409090909
372->,-0.125,-0.5,-0.125,0,0.409090909
373->,-0.5,0,0,0,0.409090909
388->,0.125,0.375,0.125,0.375,0.409090909
398->,0,0,0,0,0.409090909
402->,0,0.375,0,0,0.409090909
404->,0,0.5,0,0,0.409090909
413->,0,-0.25,0.125,-0.5,0.409090909
423->,0,-0.125,-0.125,0,0.409090909
431->,0.5,0,0,0,0.409090909
434->,0,0,-0.5,0,0.409090909
462->,0,0.25,0,0.5,0.409090909
466->,0,-0.125,0.75,0,0.409090909
467->,-0.125,-0.5,0,-0.25,0.409090909
468->,-0.5,-0.125,-0.25,0.25,0.409090909
498->,0.25,0.125,0,0,0.409090909
499->,0.125,0.25,0,0,0.409090909
501->,0,0.125,0.125,0.25,0.409090909
502->,0.125,0,0.25,0,0.409090909
503->,0,0.25,0,-0.25,0.409090909
504->,0.25,0.125,-0.25,0,0.409090909
533->,0,-0.125,0,0,0.409090909
567->,0,-0.125,0,0,0.409090909
568->,-0.125,0,0,0.125,0.409090909
594->,0.125,-0.25,0,-0.25,0.409090909
596->,0.125,0,0.125,-0.125,0.409090909
628->,0,-0.125,0,0,0.409090909
658->,0,0,0,0,0.409090909
659->,0,-0.125,0,-0.125,0.409090909
689->,0.125,0.125,0.25,0.125,0.409090909
690->,0.125,0.125,0.125,0.25,0.409090909
695->,0.25,0.25,0.25,-0.25,0.409090909
869->,0,-0.25,0.25,-0.25,0.409090909
870->,-0.25,0.25,-0.25,0,0.409090909
898->,0.5,0,0,0,0.409090909
899->,0,0,0,0,0.409090909
930->,0,0,-0.25,0,0.409090909
931->,0,0,0,0,0.409090909
934->,0.5,-0.375,0,0,0.409090909
950->,0.5,0.875,0.875,0.75,0.409090909
961->,-0.5,0.25,-0.25,0.25,0.409090909
962->,0.25,-0.25,0.25,-0.25,0.409090909
975->,-0.125,-0.25,-0.25,-0.25,0.409090909
993->,0,-0.25,-0.5,-0.25,0.409090909
994->,-0.25,0.25,-0.25,0.25,0.409090909
1014->,0,0.75,0.25,-0.25,0.409090909
1025->,0.875,-0.5,0,-0.5,0.409090909
1026->,-0.5,-0.25,-0.5,-0.25,0.409090909
1046->,-0.125,0.25,0,0.5,0.409090909
1057->,0,0.5,0.75,0.75,0.409090909
1058->,0.5,0,0.75,0,0.409090909
1059->,0,0,0,0,0.409090909
69->,0,0.125,0,0.125,0.454545455
70->,0.125,-0.5,0.125,-0.75,0.454545455
79->,0,0,0,0,0.454545455
101->,0,-0.125,0,0,0.454545455
102->,-0.125,0,0,0,0.454545455
134->,0.125,0.5,0,0.5,0.454545455
135->,0.5,0,0.5,0,0.454545455
161->,-0.125,-0.5,-0.125,0,0.454545455
164->,0.25,0,0,-0.375,0.454545455
167->,0,0.125,-0.5,0.125,0.454545455
193->,0.125,0,0.125,0,0.454545455
197->,-0.875,-0.875,-0.5,-0.25,0.454545455
225->,0,0.75,0,0.5,0.454545455
228->,0,0,-0.5,0,0.454545455
230->,0,0.375,-0.5,0.375,0.454545455
244->,0.25,-0.125,0.25,-0.125,0.454545455
249->,0.25,0.25,0,0,0.454545455
262->,0,0.125,0,0.125,0.454545455
270->,0,-0.375,0,-0.25,0.454545455
275->,0,0,0.125,0,0.454545455
291->,0,0.25,0,-0.25,0.454545455
294->,0,0,0,0,0.454545455
306->,-0.125,0,-0.125,0.125,0.454545455
308->,-0.25,0.875,0.25,0.875,0.454545455
309->,0.875,-0.5,0.875,-0.5,0.454545455
323->,-0.25,0,0,-0.5,0.454545455
326->,0,-0.125,0,-0.125,0.454545455
339->,0,0.5,-0.25,0,0.454545455
341->,-0.375,0,-0.875,0,0.454545455
358->,0.5,-0.375,0,-0.875,0.454545455
359->,-0.375,0,-0.875,0,0.454545455
390->,0.375,0.5,1,1,0.454545455
391->,0.5,0,1,0,0.454545455
421->,0.125,0,0.125,0,0.454545455
422->,0,0,0,-0.125,0.454545455
438->,0.25,0,0,0,0.454545455
447->,0.125,0,0.125,0,0.454545455
453->,0,0,-0.125,-0.125,0.454545455
463->,0.25,0,0.5,0,0.454545455
474->,0,0.125,0,0,0.454545455
476->,0.125,0,0.125,0.25,0.454545455
484->,-0.125,0,0,0.125,0.454545455
485->,0,0,0.125,0,0.454545455
493->,0,0.75,-0.125,0.5,0.454545455
494->,0.75,0,0.5,0.25,0.454545455
517->,0,0.125,0,0.125,0.454545455
525->,0,0.25,0,0.375,0.454545455
536->,0.25,-0.125,0.5,-0.125,0.454545455
549->,-0.125,0,-0.125,0,0.454545455
645->,-0.125,-0.125,-0.125,0,0.454545455
692->,0,0.125,0,0.25,0.454545455
694->,0.125,0.25,0.125,0.25,0.454545455
756->,0,0.125,-0.125,0,0.454545455
821->,0,0,0,0,0.454545455
838->,0,-0.375,-0.125,-0.125,0.454545455
882->,0.125,0,0,0,0.454545455
900->,0,0.25,0,0.125,0.454545455
901->,0.25,-0.5,0.125,-0.5,0.454545455
902->,-0.5,0.125,-0.5,0.125,0.454545455
910->,0,0,0,0,0.454545455
932->,0,0,0,-0.125,0.454545455
933->,0,0.5,-0.125,0,0.454545455
960->,0,-0.5,0,-0.25,0.454545455
963->,-0.25,0,-0.25,0.125,0.454545455
965->,0.125,0,0.125,0.5,0.454545455
966->,0,0.375,0.5,0,0.454545455
992->,0,0,-0.125,-0.5,0.454545455
995->,0.25,0.125,0.25,0,0.454545455
997->,-0.125,0,0,0,0.454545455
998->,0,0,0,0.125,0.454545455
1027->,-0.25,-0.875,-0.25,-0.875,0.454545455
1061->,0,0.875,0,0.375,0.454545455
1075->,0.25,0,0.25,-0.125,0.454545455
1076->,0,-0.875,-0.125,0,0.454545455
1091->,-0.5,0,0,0,0.454545455
1092->,0,0,0,0,0.454545455
1093->,0,0.125,0,0.125,0.454545455
1106->,0.25,0,0,0,0.454545455
1122->,-0.25,0.5,0,0.25,0.454545455
1125->,0,0,0,0,0.454545455
1138->,0.125,0.25,0,-0.25,0.454545455
1154->,0.25,0,-0.25,0,0.454545455
1156->,0.5,0,0.875,0,0.454545455
1157->,0,0,0,-0.125,0.454545455
1173->,0,-0.25,0,-0.25,0.454545455
1189->,0.5,-0.5,0.5,-0.375,0.454545455
1190->,-0.5,0,-0.375,0,0.454545455
1204->,-0.5,0,-0.5,0,0.454545455
1221->,0.5,0.5,0.375,0.5,0.454545455
1222->,0.5,0,0.5,0,0.454545455
1229->,0,-0.25,0,0,0.454545455
1253->,0,0,0,0,0.454545455
1261->,-0.5,0,-1,0.5,0.454545455
1269->,0.75,0,0.25,0,0.454545455
1285->,-0.125,-0.125,0,-0.125,0.454545455
1298->,0.375,-0.5,-0.125,-0.5,0.454545455
1->,0.125,0,0.125,0,0.5
2->,0,-0.125,0,-0.125,0.5
3->,-0.125,0.25,-0.125,0,0.5
13->,0.875,0,0.5,0,0.5
14->,0,0,0,0,0.5
15->,0,0.75,0,0,0.5
16->,0.75,-0.125,0,-0.125,0.5
17->,-0.125,0,-0.125,0,0.5
21->,-0.875,0,-0.875,0,0.5
22->,0,0,0,0,0.5
23->,0,0,0,0,0.5
24->,0,0,0,0,0.5
25->,0,0,0,0,0.5
26->,0,0,0,0,0.5
27->,0,-1,0,-1,0.5
28->,-1,0,-1,0,0.5
29->,0,0,0,0,0.5
30->,0,0,0,0,0.5
31->,0,0,0,0,0.5
32->,0,0,0,0,0.5
33->,0,-0.25,0,-0.5,0.5
43->,0.25,0.125,0.25,0.125,0.5
44->,0.125,0,0.125,0.375,0.5
45->,0,0,0.375,0,0.5
46->,0,0,0,0,0.5
47->,0,0.125,0,0.375,0.5
48->,0.125,0.125,0.375,0.125,0.5
49->,0.125,0,0.125,0,0.5
52->,0,0.5,0,0.5,0.5
53->,0.5,0,0.5,0,0.5
54->,0,-0.75,0,-0.75,0.5
55->,-0.75,0.5,-0.75,0,0.5
56->,0.5,0,0,0,0.5
57->,0,0,0,0,0.5
58->,0,0,0,0,0.5
59->,0,0,0,0,0.5
60->,0,0,0,0,0.5
61->,0,0,0,0,0.5
62->,0,0,0,0,0.5
63->,0,0,0,0,0.5
64->,0,0,0,0,0.5
72->,0.125,0.125,0.125,0,0.5
77->,0.125,0,0.125,0,0.5
78->,0,0,0,0,0.5
80->,0,0,0,0,0.5
81->,0,0,0,0,0.5
82->,0,0,0,0,0.5
84->,-1,0,-0.5,0,0.5
85->,0,0,0,0,0.5
86->,0,0,0,0,0.5
87->,0,-0.5,0,0,0.5
88->,-0.5,-0.125,0,0,0.5
89->,-0.125,-0.125,0,0,0.5
90->,-0.125,0,0,0,0.5
91->,0,0,0,0,0.5
92->,0,0.5,0,0,0.5
93->,0.5,-0.25,0,-0.25,0.5
94->,-0.25,0,-0.25,0,0.5
95->,0,0,0,0,0.5
96->,0,0,0,0,0.5
97->,0,0,0,-0.25,0.5
104->,0,0,-0.125,0.125,0.5
107->,0,0,0,0,0.5
110->,0,0,0,0,0.5
111->,0,0.125,0,0,0.5
112->,0.125,-0.25,0,-0.5,0.5
116->,0.75,-0.5,0.25,-0.5,0.5
117->,-0.5,0,-0.5,0,0.5
118->,0,0.875,0,0.875,0.5
122->,-0.125,0.5,-0.25,0.5,0.5
123->,0.5,0.5,0.5,0.5,0.5
124->,0.5,0.25,0.5,0.75,0.5
127->,0,0,0,0,0.5
128->,0,0,0,0,0.5
133->,0.125,0.125,0.125,0,0.5
140->,0,-0.375,0,-0.25,0.5
142->,0.5,0.5,0,0.5,0.5
143->,0.5,-0.25,0.5,-0.125,0.5
148->,0.125,1,0.25,1,0.5
149->,1,0,1,0,0.5
150->,0,-0.125,0,-0.125,0.5
153->,0.125,0.125,0,0.125,0.5
154->,0.125,0.375,0.125,0.375,0.5
155->,0.375,0.25,0.375,0.25,0.5
159->,0,0,0,0,0.5
160->,0,0,0,0,0.5
173->,0.5,0.375,0.25,0.875,0.5
174->,0.375,0.5,0.875,0.5,0.5
180->,0.125,0,0,0,0.5
181->,0,0,0,0.5,0.5
185->,-0.125,0.125,0,0.125,0.5
186->,0.125,0,0.125,0,0.5
191->,0,0,-0.125,0,0.5
192->,0,0,0,0,0.5
200->,0,0,0,0,0.5
203->,0,0,-0.125,0,0.5
18->,0,0,0,0,0.545454545
19->,0,0,0,0,0.545454545
20->,0,-0.875,0,-0.875,0.545454545
50->,0,0,0,0,0.545454545
51->,0,0,0,0,0.545454545
73->,0.125,-0.125,0,0,0.545454545
74->,-0.125,0,0,0,0.545454545
75->,0,0,0,0,0.545454545
105->,0,0.125,0.125,0,0.545454545
108->,0,-0.125,0,0,0.545454545
109->,-0.125,0,0,0,0.545454545
115->,-0.25,0.75,-0.125,0.25,0.545454545
136->,0,0,0,0,0.545454545
137->,0,0,0,0,0.545454545
138->,0,-0.125,0,0,0.545454545
139->,-0.125,0,0,0,0.545454545
141->,-0.375,0.5,-0.25,0,0.545454545
165->,0,0,-0.375,-0.125,0.545454545
169->,0,0,0,0,0.545454545
170->,0,0.125,0,0,0.545454545
171->,0.125,-0.125,0,0,0.545454545
172->,-0.125,0.5,0,0.25,0.545454545
201->,0,0,0,0,0.545454545
202->,0,0,0,-0.125,0.545454545
204->,0,0,0,0,0.545454545
205->,0,0,0,0.125,0.545454545
206->,0,0,0.125,-0.125,0.545454545
236->,0.125,-0.125,0,-0.125,0.545454545
237->,-0.125,0.125,-0.125,0,0.545454545
265->,0,0,0,0,0.545454545
268->,0,0.125,0,0.125,0.545454545
269->,0.125,0,0.125,0,0.545454545
299->,0,0,0,0,0.545454545
301->,-0.125,0,-0.125,-0.125,0.545454545
312->,-0.25,-0.875,0,-0.5,0.545454545
313->,-0.875,0.25,-0.5,0.25,0.545454545
314->,0.25,-0.25,0.25,0,0.545454545
331->,-0.125,0,0,0,0.545454545
332->,0,0,0,0.125,0.545454545
345->,0,0,0,0,0.545454545
346->,0,0.25,0,-0.25,0.545454545
347->,0.25,0.125,-0.25,0.125,0.545454545
364->,0,0.125,0,0,0.545454545
365->,0.125,0,0,0,0.545454545
377->,0,0,0,0,0.545454545
380->,0,0.125,0,0,0.545454545
396->,0,0,0,0,0.545454545
397->,0,0,0,0,0.545454545
409->,0,0.25,0,0.25,0.545454545
410->,0.25,0.25,0.25,0.25,0.545454545
411->,0.25,0.125,0.25,0,0.545454545
418->,0.25,0,0.75,0,0.545454545
440->,0.25,0,0,0,0.545454545
441->,0,-1,0,-1,0.545454545
442->,-1,-0.25,-1,-0.25,0.545454545
454->,0,-0.125,-0.125,0,0.545454545
472->,-0.25,0.875,0,1,0.545454545
475->,0.125,0.125,0,0.125,0.545454545
505->,0.125,0.875,0,0.875,0.545454545
506->,0.875,0,0.875,0.125,0.545454545
507->,0,0,0.125,0,0.545454545
508->,0,0,0,0,0.545454545
534->,-0.125,0.25,0,0.25,0.545454545
540->,-0.125,0,-0.125,0.125,0.545454545
541->,0,0.5,0.125,0.5,0.545454545
561->,0,0,0,0,0.545454545
570->,0.125,0,0,0.125,0.545454545
571->,0,0.125,0.125,0,0.545454545
572->,0.125,0.125,0,0,0.545454545
573->,0.125,0,0,0,0.545454545
589->,0,0.125,0.125,0.125,0.545454545
592->,-0.125,0,0,-0.125,0.545454545
602->,-0.125,0,0.125,-0.125,0.545454545
603->,0,-0.125,-0.125,0.125,0.545454545
604->,-0.125,0,0.125,0,0.545454545
605->,0,-0.125,0,-0.125,0.545454545
627->,0.25,0,0.25,0,0.545454545
633->,-0.25,0.125,-0.25,0,0.545454545
636->,0,-0.125,-0.125,-0.125,0.545454545
637->,-0.125,0,-0.125,0,0.545454545
665->,-0.25,-0.125,0,-0.125,0.545454545
666->,-0.125,-0.25,-0.125,0,0.545454545
668->,0,-0.25,0,-0.25,0.545454545
696->,0.25,0.25,-0.25,0.125,0.545454545
697->,0.25,0,0.125,-0.25,0.545454545
698->,0,0,-0.25,0,0.545454545
699->,0,0.25,0,0.25,0.545454545
701->,0,0.375,0.375,0.125,0.545454545
702->,0.375,0.125,0.125,0,0.545454545
728->,0.25,0.125,0.375,0,0.545454545
729->,0.125,0.125,0,0.5,0.545454545
730->,0.125,0.5,0.5,0.5,0.545454545
731->,0.5,-0.125,0.5,0,0.545454545
732->,-0.125,0.375,0,0,0.545454545
734->,0,0,0,0,0.545454545
740->,-0.25,0.125,0,0.125,0.545454545
83->,0,-1,0,-0.5,0.590909091
106->,0.125,0,0,0,0.590909091
166->,0,0,-0.125,-0.5,0.590909091
198->,-0.875,0,-0.25,0.5,0.590909091
217->,-0.25,-0.5,-0.125,-0.5,0.590909091
238->,0.125,-0.125,0,-0.125,0.590909091
250->,0.25,-0.125,0,-0.125,0.590909091
280->,-0.125,0.125,-0.125,-0.25,0.590909091
281->,0.125,-0.25,-0.25,0,0.590909091
282->,-0.25,0,0,0,0.590909091
315->,-0.25,0.25,0,0.25,0.590909091
348->,0.125,0.75,0.125,0,0.590909091
439->,0,0.25,0,0,0.590909091
460->,0,0,0,0,0.590909091
537->,-0.125,-0.125,-0.125,-0.125,0.590909091
538->,-0.125,0,-0.125,0,0.590909091
539->,0,-0.125,0,-0.125,0.590909091
569->,0,0.125,0.125,0,0.590909091
601->,0.125,-0.125,0,0.125,0.590909091
632->,0,-0.25,-0.125,-0.25,0.590909091
634->,0.125,-0.125,0,-0.375,0.590909091
635->,-0.125,0,-0.375,-0.125,0.590909091
667->,-0.25,0,0,0,0.590909091
669->,-0.25,-0.375,-0.25,-0.125,0.590909091
700->,0.25,0,0.25,0.375,0.590909091
724->,0.125,0,0.125,0,0.590909091
725->,0,0.125,0,0.125,0.590909091
727->,0,0.25,0,0.375,0.590909091
733->,0.375,0,0,0,0.590909091
757->,0.125,0,0,0,0.590909091
759->,-0.125,-0.125,0,0.125,0.590909091
789->,0,-0.125,0,-0.125,0.590909091
1029->,-0.75,-0.5,-0.875,0,0.590909091
1081->,0.25,-0.125,0.25,-0.125,0.590909091
1111->,-0.125,-0.125,-0.125,0.125,0.590909091
1112->,-0.125,0,0.125,-0.25,0.590909091
1113->,0,0,-0.25,0,0.590909091
1145->,0,-0.25,0.25,-0.25,0.590909091
1146->,-0.25,0.25,-0.25,0.25,0.590909091
1338->,0.125,0,0,0,0.590909091
1369->,0.125,0,-0.125,0,0.590909091
1370->,0,0,0,-0.125,0.590909091
1401->,-0.125,-0.125,0.125,0,0.590909091
1440->,0.125,0,0,0,0.590909091
1713->,0,0,0.125,0,0.590909091
1745->,0,-0.5,0,-1,0.590909091
1756->,-0.5,0,-0.125,0,0.590909091
1859->,-0.875,-0.75,-0.875,-0.75,0.590909091
1910->,-0.125,0,-0.125,0.375,0.590909091
1911->,0,0.75,0.375,0.25,0.590909091
1912->,0.75,-0.125,0.25,-0.125,0.590909091
1942->,-0.125,0.25,-0.125,-0.125,0.590909091
1944->,-0.25,0,0,0,0.590909091
1945->,0,-0.375,0,-0.375,0.590909091
1974->,0.125,0,-0.25,-0.75,0.590909091
1976->,0.25,0,0,-0.25,0.590909091
1977->,0,0,-0.25,0.25,0.590909091
2042->,0.125,-0.125,0,-0.125,0.590909091
2068->,0.5,0.25,0,0.25,0.590909091
2073->,0.25,0.125,0.25,0.25,0.590909091
2085->,0,-0.125,0,-0.125,0.590909091
2261->,0,0,0,0,0.590909091
2271->,0,0,0.125,0,0.590909091
2290->,-0.125,0.125,0,-0.125,0.590909091
2293->,-0.125,0,-0.25,0,0.590909091
2303->,0,-0.125,-0.125,0.125,0.590909091
2322->,-0.125,0,-0.125,0,0.590909091
2335->,0.125,0.125,0.125,-0.125,0.590909091
2419->,0.125,-0.125,-0.125,0,0.590909091
2654->,0,0,0,0,0.590909091
2690->,-0.875,0,-0.875,-0.75,0.590909091
2742->,-0.25,0.75,0,0.75,0.590909091
2775->,-0.25,0,-0.25,0,0.590909091
2776->,0,-0.375,0,-0.375,0.590909091
2807->,0.25,-0.25,0.25,0,0.590909091
2808->,-0.25,0,0,0,0.590909091
2899->,0,0.25,0.5,0.25,0.590909091
3521->,-0.25,-0.75,-0.875,0,0.590909091
3572->,-0.125,-0.75,-0.25,-0.25,0.590909091
3606->,0,0,-0.25,0,0.590909091
3607->,0,-0.125,0,-0.375,0.590909091
3636->,0,-0.25,0.25,-0.75,0.590909091
3638->,0.125,-0.25,0.25,-0.25,0.590909091
3639->,-0.25,-0.25,-0.25,0,0.590909091
3670->,-0.125,0.25,0,0.25,0.590909091
3671->,0.25,0,0.25,0,0.590909091
3703->,0,0.375,0,0.375,0.590909091
3735->,0.25,0,0.25,0,0.590909091
3736->,0,0.375,0,0.125,0.590909091
3805->,0,-0.875,0,0.125,0.590909091
4165->,0,0,0,0,0.590909091
4172->,0,0,-0.125,0,0.590909091
4173->,0,-0.125,0,-0.125,0.590909091
4174->,-0.125,0,-0.125,0,0.590909091
4175->,0,-0.5,0,-0.375,0.590909091
4227->,-0.75,0.125,-0.75,0.125,0.590909091
41->,0.125,0.125,0.125,0.25,0.636363636
545->,0,-0.125,0,-0.125,0.636363636
547->,0.125,0,-0.125,-0.125,0.636363636
578->,0,0,0,0.125,0.636363636
600->,0,0.125,0,0,0.636363636
609->,0,0,0,0,0.636363636
610->,0,0,0,0,0.636363636
641->,0,0.125,0.125,0.125,0.636363636
642->,0.125,0,0.125,-0.125,0.636363636
673->,0.125,-0.125,-0.125,0,0.636363636
709->,-0.125,0,0,0.125,0.636363636
741->,0.125,0,0.125,0,0.636363636
772->,0.25,0,-0.25,-0.125,0.636363636
773->,0,0,-0.125,0,0.636363636
804->,0,0,0.375,0.125,0.636363636
805->,0,0,0.125,0,0.636363636
1408->,-0.125,0,-0.125,0,0.636363636
1441->,0,0.125,0,0,0.636363636
1472->,-0.125,0.125,0,0.125,0.636363636
1505->,-0.125,0.125,-0.125,0,0.636363636
2079->,-1,0,0.875,0.25,0.636363636
2175->,0,-0.125,0,-0.125,0.636363636
2272->,0,0,0,0.125,0.636363636
2336->,0.125,0,-0.125,0.125,0.636363636
2534->,0.125,0.125,0.125,0.25,0.636363636
3103->,0,0,0,0,0.636363636
3135->,0,0,-0.125,0,0.636363636
3837->,0,0.875,0,-0.125,0.636363636
3899->,0,0.125,0.125,0,0.636363636
3901->,0,-0.125,0.125,0.125,0.636363636
3930->,0,-0.125,-0.125,0,0.636363636
3933->,0,0.125,-0.125,0,0.636363636
3934->,0.125,0,0,0,0.636363636
3997->,0,0,0,0,0.636363636
4326->,0,0,0.125,-0.125,0.636363636
4436->,-0.125,0,0.75,0,0.636363636
4467->,0,0,0,-0.25,0.636363636
4468->,0,0.375,-0.25,0.125,0.636363636
4470->,-0.25,0,-0.25,-0.25,0.636363636
4500->,0.125,-0.125,0.25,-0.125,0.636363636
4501->,-0.125,0.25,-0.125,0.25,0.636363636
4502->,0.25,0,0.25,0,0.636363636
4532->,0,0,0,-0.25,0.636363636
4533->,0,0,-0.25,0,0.636363636
4534->,0,0.25,0,0.375,0.636363636
4535->,0.25,0,0.375,0,0.636363636
4566->,0.25,0.125,0.25,0,0.636363636
4567->,0.125,0,0,0.375,0.636363636
4585->,-0.125,-0.25,-0.25,-0.375,0.636363636
4663->,0.125,0,0.125,0,0.636363636
4664->,0,0.25,0,0,0.636363636
5301->,0,0.25,-0.25,0,0.636363636
5306->,0.25,0,0.25,0,0.636363636
5331->,-0.25,0,0.125,-0.125,0.636363636
5333->,0,-0.25,0.25,0,0.636363636
5365->,0.125,0.25,0,0.25,0.636363636
5366->,0.25,0,0.25,0,0.636363636
5394->,0.125,-0.125,0.25,-0.375,0.636363636
5396->,0.25,0.125,0.125,0.25,0.636363636
5397->,0.125,0.125,0.25,0.125,0.636363636
5398->,0.125,0,0.125,0,0.636363636
5459->,0.5,-0.5,0.5,-0.875,0.636363636
5561->,0.125,0,0,0.125,0.636363636
6014->,0.25,-0.25,0,0.25,0.636363636
6131->,0.25,0,0,0,0.636363636
6162->,0.125,0,-0.25,0,0.636363636
6164->,0.25,-0.25,0,-0.25,0.636363636
6165->,-0.25,0.25,-0.25,0,0.636363636
6194->,-0.125,0,0.375,0,0.636363636
6196->,0.125,0,0.125,0.25,0.636363636
6197->,0,-0.25,0.25,0,0.636363636
6225->,0,-0.25,0.125,-0.125,0.636363636
6229->,0.375,0,0.125,0,0.636363636
6233->,0.125,0,0,0,0.636363636
6259->,0,-0.25,0,-0.25,0.636363636
6689->,0,0,0.125,0,0.636363636
6845->,0.25,-0.25,0.25,-0.25,0.636363636
6994->,0,0.375,0,0.25,0.636363636
7092->,0,0.25,-0.125,0.25,0.636363636
7123->,0.375,0,0.125,0,0.636363636
7124->,0,0,0,0,0.636363636
7152->,0.25,0.5,0.25,0,0.636363636
7153->,0.5,0.125,0,0,0.636363636
7155->,0,0.125,0,0.125,0.636363636
7188->,-0.125,0,0,0.125,0.636363636
7220->,0.125,-0.125,0,-0.125,0.636363636
7451->,0.125,0,0,0,0.636363636
7727->,-0.5,0,0,0.375,0.636363636
7760->,0.25,-0.125,-0.125,-0.375,0.636363636
7791->,0,0,-0.75,0.125,0.636363636
7793->,0,0.25,0.25,0,0.636363636
7824->,0,0,-0.125,0,0.636363636
7825->,0,0.125,0,0.375,0.636363636
7856->,0,-0.25,0,0,0.636363636
7857->,-0.25,0,0,0,0.636363636
7859->,0.5,-0.5,0,-0.5,0.636363636
8->,-0.125,0,-0.125,0,0.681818182
9->,0,0.125,0,0,0.681818182
40->,0,0.125,0,0.125,0.681818182
42->,0.125,0.25,0.25,0.25,0.681818182
76->,0,0.125,0,0.125,0.681818182
449->,0,0.25,0.25,0.25,0.681818182
450->,0.25,0.125,0.25,0.125,0.681818182
471->,0,-0.25,0,0,0.681818182
481->,0.25,0,0.125,0,0.681818182
482->,0,-0.125,0,0,0.681818182
483->,-0.125,-0.125,0,0,0.681818182
513->,0,0,0.125,0,0.681818182
514->,0,0,0,0,0.681818182
515->,0,0,0,0,0.681818182
516->,0,0,0,0,0.681818182
546->,-0.125,0.125,-0.125,-0.125,0.681818182
548->,0,-0.125,-0.125,-0.125,0.681818182
577->,-0.125,0,-0.125,0,0.681818182
579->,0,0,0.125,0,0.681818182
580->,0,0,0,0.125,0.681818182
611->,0,0.125,0,0,0.681818182
612->,0.125,0,0,-0.125,0.681818182
643->,0,0,-0.125,0.125,0.681818182
644->,0,-0.125,0.125,-0.125,0.681818182
675->,0,-0.125,0.125,-0.125,0.681818182
676->,-0.125,0.25,-0.125,0.125,0.681818182
705->,-0.125,0,0,-0.125,0.681818182
706->,0,0,-0.125,0,0.681818182
707->,0,0,0,0,0.681818182
708->,0,-0.125,0,0,0.681818182
737->,0,0,0.125,0,0.681818182
739->,0,-0.25,0,0,0.681818182
769->,0.125,0,-0.125,-0.125,0.681818182
770->,0,-0.125,-0.125,0,0.681818182
771->,-0.125,0.25,0,-0.25,0.681818182
788->,-0.125,0,0,0,0.681818182
801->,0,-0.125,0,0,0.681818182
839->,-0.375,0,-0.125,0,0.681818182
840->,0,0,0,0.125,0.681818182
871->,0.25,0.125,0,0.125,0.681818182
872->,0.125,0.125,0.125,0.125,0.681818182
1231->,0.5,0,-0.125,-0.25,0.681818182
1248->,0.875,0.25,-0.25,0.25,0.681818182
1280->,0,-0.75,0,0.25,0.681818182
1281->,-0.75,0,0.25,0.125,0.681818182
1302->,0,0,0,-0.25,0.681818182
1312->,0.125,1,0.25,0,0.681818182
1313->,1,0,0,-0.125,0.681818182
1314->,0,0,-0.125,-0.125,0.681818182
1345->,-0.125,0,0,0,0.681818182
1346->,0,0,0,0,0.681818182
1347->,0,0,0,0,0.681818182
1376->,0,0,0,-0.125,0.681818182
1377->,0,0,-0.125,0.125,0.681818182
1378->,0,-0.125,0.125,0,0.681818182
1379->,-0.125,-0.125,0,-0.125,0.681818182
1409->,0,-0.125,0,0,0.681818182
1410->,-0.125,0,0,0,0.681818182
1411->,0,0.125,0,0,0.681818182
1442->,0.125,0,0,0.125,0.681818182
1443->,0,-0.5,0.125,0,0.681818182
1474->,-0.125,0,0,0,0.681818182
1475->,0,0.375,0,-0.125,0.681818182
1504->,0.125,-0.125,0.125,-0.125,0.681818182
1506->,0.125,0,0,-0.125,0.681818182
1507->,0,0.125,-0.125,0.25,0.681818182
1536->,-0.125,0,-0.125,0,0.681818182
1537->,0,0,0,0,0.681818182
1538->,0,0,0,0,0.681818182
1568->,0,0,0,0,0.681818182
1569->,0,-0.125,0,0,0.681818182
1570->,-0.125,0.125,0,-0.25,0.681818182
1600->,0,-0.125,0.125,0,0.681818182
1602->,0,0,-0.125,0.25,0.681818182
1632->,0.125,-0.25,0,-0.125,0.681818182
1633->,-0.25,0,-0.125,0,0.681818182
1634->,0,0,0,0,0.681818182
1670->,-0.125,0,-0.375,0,0.681818182
1671->,0,0,0,0,0.681818182
1702->,0,0.125,0.25,0.125,0.681818182
1703->,0.125,0.25,0.125,0.125,0.681818182
2014->,0,0,0,0,0.681818182
2047->,0,-0.25,-1,-0.375,0.681818182
2111->,1,0,0,-0.75,0.681818182
2112->,0,0.125,-0.75,0,0.681818182
2143->,0,0.25,0.125,1,0.681818182
2144->,0.25,0,1,0,0.681818182
2145->,0,0,0,0,0.681818182
2176->,-0.125,0,-0.125,0,0.681818182
2177->,0,0,0,0,0.681818182
2207->,0,0,0,0,0.681818182
2208->,0,0,0,0,0.681818182
2209->,0,-0.125,0,-0.125,0.681818182
2210->,-0.125,0,-0.125,-0.125,0.681818182
2239->,-0.125,0,-0.125,0,0.681818182
2240->,0,0,0,-0.125,0.681818182
218->,-0.5,0,-0.5,0,0.727272727
417->,-0.25,0.25,-0.25,0.75,0.727272727
647->,-0.125,0,0,0,0.727272727
674->,-0.125,0,0,0.125,0.727272727
738->,0,0,0,0,0.727272727
802->,-0.125,0,0,-0.125,0.727272727
803->,0,0,-0.125,0.375,0.727272727
1473->,0.125,-0.125,0.125,0,0.727272727
1601->,-0.125,0,0,-0.125,0.727272727
1673->,0,0,0,0.125,0.727272727
1674->,0,0.875,0.125,0.875,0.727272727
2535->,0.125,0.125,0.25,0.125,0.727272727
3166->,0,0,0.125,0.125,0.727272727
3295->,0,0,-0.125,0,0.727272727
3334->,0,0,0.25,0.125,0.727272727
3366->,0.25,0.125,0.125,0.125,0.727272727
3885->,0.125,0,0.125,0,0.727272727
4031->,-0.125,0.25,0,0.125,0.727272727
4061->,0,0,0,0,0.727272727
4062->,0,0.125,0,-0.125,0.727272727
4094->,0,-0.125,0,0,0.727272727
4126->,0,0,0,0,0.727272727
4127->,0,0,0,0.125,0.727272727
4196->,0.125,0.25,0.125,0.25,0.727272727
4204->,0,0,0.125,0,0.727272727
4469->,0.375,-0.25,0.125,-0.25,0.727272727
4495->,0,0.25,0,0.25,0.727272727
4561->,0,0.5,-0.25,0.25,0.727272727
4764->,-0.125,0.125,0,0.125,0.727272727
4860->,0,0,0,0,0.727272727
5028->,0,0,0.25,0,0.727272727
5268->,0,0.25,0,0.25,0.727272727
5533->,-0.125,0.125,-0.125,0.125,0.727272727
6290->,-0.25,-0.25,0.5,-0.5,0.727272727
6396->,0,-0.125,0.125,0,0.727272727
6659->,0,-0.125,0,0,0.727272727
6729->,0,0,0,0,0.727272727
6730->,0,0,0,0,0.727272727
6770->,-0.25,0.75,0.75,0.75,0.727272727
6929->,-0.125,-0.375,-0.125,-0.375,0.727272727
7005->,0.5,-0.25,0,0,0.727272727
7029->,-0.5,0,-0.25,0,0.727272727
7093->,0.25,-0.25,0.25,0,0.727272727
7125->,0,0,0,0.25,0.727272727
7227->,0.125,0,0,-0.125,0.727272727
7259->,-0.125,0.125,0,0.125,0.727272727
7341->,0.125,0.25,0,0.25,0.727272727
7650->,0,-0.125,0,0,0.727272727
9454->,0,0.125,0.125,0.125,0.727272727
9486->,-0.125,-0.125,-0.125,-0.125,0.727272727
9523->,0.125,-0.5,0,-0.75,0.727272727
11000->,-0.5,0.25,-0.5,0.25,0.727272727
11116->,0,0.125,0.125,0.125,0.727272727
11148->,0,-0.125,0,-0.125,0.727272727
11179->,0,0,0.75,-0.125,0.727272727
11502->,0.125,0.125,0,0.125,0.727272727
11671->,-0.75,-0.125,-0.25,-0.25,0.727272727
11945->,0,0,0,0,0.727272727
12469->,0,0,-0.25,0,0.727272727
12685->,-0.25,0,-0.125,0,0.727272727
12776->,0,0,0,0,0.727272727
12777->,0,0.125,0,0.125,0.727272727
12805->,0.25,0,0.375,0,0.727272727
12809->,0.125,-0.125,-0.25,-0.125,0.727272727
12875->,0,0,0.125,-0.125,0.727272727
12999->,-0.25,-0.25,-0.25,-0.25,0.727272727
13544->,0.125,0.125,0.125,0,0.727272727
13545->,0.125,0.25,0,-0.75,0.727272727
13576->,-0.125,0,-0.125,-0.125,0.727272727
13608->,0.125,0,0,0.125,0.727272727
13609->,0,0,0.125,0.25,0.727272727
13641->,0,0.125,-0.125,0.125,0.727272727
13667->,0,0,0.5,0,0.727272727
13673->,-0.125,0.125,-0.25,0.125,0.727272727
13706->,0,0.25,0,0,0.727272727
13736->,0,-0.125,0.125,0,0.727272727
14130->,-0.25,-0.125,0,-0.25,0.727272727
14131->,-0.125,0,-0.25,-0.25,0.727272727
14511->,0,0,0,0.5,0.727272727
14892->,0,-0.125,0,-0.125,0.727272727
15205->,0.25,-0.5,0,0.875,0.727272727
15217->,0,0,-0.125,0,0.727272727
15236->,0.25,0,0,0.25,0.727272727
15376->,0,0,-0.25,0,0.727272727
15625->,-0.375,-0.25,-0.125,-0.25,0.727272727
15634->,0,0.125,0,0,0.727272727
15666->,0,0,0,0.125,0.727272727
16037->,0.5,-0.25,-0.5,0,0.727272727
16328->,0.25,0.375,0.125,0.375,0.727272727
16465->,-0.125,0,0,0.125,0.727272727
17516->,0,0.125,0,0.125,0.727272727
17517->,0.125,-0.125,0.125,0.125,0.727272727
17549->,0,-0.875,0,-0.5,0.727272727
17580->,0,0,0,0,0.727272727
17716->,0,0,0,-0.875,0.727272727
17768->,0,-0.5,-0.5,-0.25,0.727272727
10->,0.125,0,0,0,0.772727273
11->,0,0,0,0.125,0.772727273
12->,0,0.875,0.125,0.5,0.772727273
297->,0,0,0,0,0.772727273
362->,0,0.125,0,0,0.772727273
841->,0,0,0.125,0,0.772727273
842->,0,0.125,0,0,0.772727273
873->,0.125,0.125,0.125,0.25,0.772727273
874->,0.125,0,0.25,0.125,0.772727273
1672->,0,0,0,0,0.772727273
1704->,0.25,0.125,0.125,0.125,0.772727273
2503->,0.25,0.125,0,0,0.772727273
2504->,0.125,0,0,0,0.772727273
2505->,0,0.875,0,0.875,0.772727273
3278->,0,0,0,0,0.772727273
3335->,0,0,0.125,0,0.772727273
4076->,-0.125,0,-0.125,0,0.772727273
4166->,0,0,0,0,0.772727273
4167->,0,0.875,0,0.875,0.772727273
4796->,0.125,0,0,0,0.772727273
4998->,0,0,0,0.875,0.772727273
5300->,0,0,0.375,-0.25,0.772727273
6254->,0,0.25,0.125,0,0.772727273
6524->,0.125,-0.125,0.125,0.125,0.772727273
6555->,0.125,0,-0.125,0,0.772727273
6660->,-0.125,-0.125,0,0,0.772727273
6866->,-0.125,0,0.75,-0.25,0.772727273
7057->,-0.75,0.25,-0.25,0.25,0.772727273
7681->,0,0,0,0,0.772727273
8280->,0,-0.125,-0.125,-0.125,0.772727273
8654->,-0.5,-0.125,-0.5,0,0.772727273
9513->,0,0,-0.375,0,0.772727273
9551->,0.25,0.125,0.25,0.125,0.772727273
9589->,-0.25,0,0.25,0.125,0.772727273
9978->,0,-0.25,-0.125,-0.125,0.772727273
10547->,0.125,0.125,0.125,0.125,0.772727273
10815->,-0.125,-0.125,0,-0.125,0.772727273
11147->,-0.25,0,-0.875,0,0.772727273
11150->,0,0,0,0,0.772727273
11240->,0,0,0,0,0.772727273
11638->,-0.25,0,0,0,0.772727273
11918->,0,0,0,-0.5,0.772727273
11978->,-0.25,-0.125,-0.25,0,0.772727273
12935->,0,0.75,0,-0.125,0.772727273
13072->,0,0.125,0,0,0.772727273
13297->,0.125,0,0.125,0,0.772727273
13302->,0,-0.125,0,-0.125,0.772727273
13636->,0.25,0,0.25,0,0.772727273
13640->,-0.125,0,0.125,-0.125,0.772727273
13644->,0,0.125,-0.375,0.125,0.772727273
13672->,0,-0.125,0,-0.25,0.772727273
14395->,0,0,0,0.125,0.772727273
15174->,-0.25,-0.125,-0.5,-0.75,0.772727273
15204->,-0.5,0.25,-0.25,0,0.772727273
15433->,0.125,-0.25,0.125,0,0.772727273
15465->,-0.125,0,0,0,0.772727273
15578->,0,-0.125,0,0,0.772727273
15895->,0,0.125,-0.125,0.125,0.772727273
16906->,0,0.125,-0.125,0,0.772727273
16909->,0,0.125,0,0,0.772727273
17030->,0.125,0.125,0.125,0.125,0.772727273
17046->,-0.125,0.125,0,0,0.772727273
17321->,0,0.125,0.125,0.125,0.772727273
17736->,0,0,0.5,0,0.772727273
18067->,0.125,0,0,0.125,0.772727273
18115->,-0.125,-0.125,-0.125,-0.375,0.772727273
18570->,0.125,-1,0,0,0.772727273
18652->,-0.875,-0.125,0,-0.25,0.772727273
18720->,0,0.125,0,0,0.772727273
19337->,0.25,0,0,0,0.772727273
19483->,-0.5,0,-0.875,-0.125,0.772727273
19584->,-0.75,-0.125,-0.375,-0.25,0.772727273
19949->,0,0,0,0,0.772727273
19950->,0,-0.125,0,0,0.772727273
19957->,-0.125,0,-0.125,0,0.772727273
20199->,0,0,0.125,0,0.772727273
20608->,-0.125,-0.25,0,-0.25,0.772727273
21061->,0,0,0,0,0.772727273
21095->,0,-0.125,-0.125,0,0.772727273
21381->,-0.125,0,-0.125,0.125,0.772727273
21407->,0.125,-0.125,0,-0.125,0.772727273
21439->,-0.125,-0.25,-0.125,-0.25,0.772727273
22021->,-0.5,0,0,0,0.772727273
22142->,0.125,0,0.125,0,0.772727273
22516->,0,0,0,-0.375,0.772727273
22850->,-0.125,0.125,-0.125,0.125,0.772727273
23101->,0,0,0,-0.375,0.772727273
23737->,1,0,0,0,0.772727273
23924->,0,0,-0.125,0,0.772727273
24180->,0.75,-0.25,0,-0.25,0.772727273
24660->,0.125,0.125,0,0,0.772727273
24763->,0,0.125,-0.25,0,0.772727273
24795->,0.125,-0.125,0.375,0,0.772727273
24950->,-0.125,-0.375,0,-0.375,0.772727273
25236->,-0.125,0,0,0,0.772727273
25330->,0,-0.125,-0.125,0.125,0.772727273
2612->,1,0.875,0.875,0.375,0.818181818
4195->,0.25,0.125,0.25,0.125,0.818181818
4437->,0,0.25,0,0,0.818181818
4523->,0.25,0,0.25,0.5,0.818181818
4732->,0,-0.125,0,-0.125,0.818181818
4765->,0.125,0.125,0.125,0,0.818181818
4797->,0,0,0,0,0.818181818
4798->,0,-0.125,0,-0.125,0.818181818
4828->,-0.125,0,0,0,0.818181818
4861->,0,0,0,-0.125,0.818181818
4892->,0,0,0,0,0.818181818
4997->,0.125,0,0,0,0.818181818
5463->,-0.25,0,0,-0.25,0.818181818
5595->,0,0,-0.125,0.125,0.818181818
5627->,0,0,0.125,0,0.818181818
5661->,0,0,-0.125,-0.125,0.818181818
5691->,0,0,0,0,0.818181818
5923->,0,0,0,0,0.818181818
6459->,0,-0.125,0,0,0.818181818
6492->,0,0.125,0,0,0.818181818
6522->,-0.125,-0.125,0,0,0.818181818
6657->,0,0,0,0.125,0.818181818
7792->,0,0,0.125,0.25,0.818181818
7945->,0,0,0,0.5,0.818181818
8120->,0.125,0,0,0,0.818181818
8430->,0,-0.5,0,0,0.818181818
9213->,-0.25,-0.25,-0.25,-0.25,0.818181818
9253->,0.125,0,0.875,-0.125,0.818181818
9582->,-0.25,-0.125,-0.875,-0.5,0.818181818
10098->,-0.125,-0.125,-0.125,0,0.818181818
10218->,0,-0.125,-0.125,0.25,0.818181818
10344->,0,0,0,0,0.818181818
10354->,0,0.25,0.125,-0.5,0.818181818
10377->,0.125,0,0.125,0,0.818181818
10386->,0,-0.5,0,0,0.818181818
10915->,0,0,0.125,0,0.818181818
11115->,0,0,0.125,0.125,0.818181818
11639->,0,-0.125,0,0,0.818181818
11944->,0.25,0,0,0,0.818181818
11975->,0,-0.25,0,-0.25,0.818181818
11977->,-0.75,-0.25,-0.25,-0.25,0.818181818
12952->,0.125,0,0.125,0.125,0.818181818
12967->,-0.25,0,-0.25,-0.125,0.818181818
12984->,0,-0.125,0,0,0.818181818
13016->,0,0.125,0,0,0.818181818
13300->,-0.25,-0.25,0,0,0.818181818
13638->,0,-0.25,0.25,-0.375,0.818181818
13749->,0,0,0,0,0.818181818
14207->,0,0,-0.375,0,0.818181818
14482->,0,-0.125,0,0,0.818181818
14608->,0.125,0.125,1,0,0.818181818
14746->,0,0,0.125,0,0.818181818
15055->,0,0,0,0,0.818181818
15577->,0,0,0,0,0.818181818
15791->,0.125,-0.25,0,0.25,0.818181818
15792->,-0.25,-0.125,0.25,0,0.818181818
15823->,0.125,0.5,0.375,0.25,0.818181818
16193->,-0.375,0,0,0.375,0.818181818
16232->,-0.125,0.25,0,0,0.818181818
16879->,0,0,0,0,0.818181818
16886->,-0.875,0.125,0,0.125,0.818181818
16913->,0,0,0,0,0.818181818
17104->,0.25,0.25,0.25,0.125,0.818181818
17704->,0,0.25,-0.375,1,0.818181818
18709->,0.125,0.125,0.125,0,0.818181818
18865->,0.125,0,0.125,0,0.818181818
18923->,0,-0.125,0,0,0.818181818
18946->,0,-0.375,-0.125,-0.125,0.818181818
19126->,-0.125,0,-0.25,0,0.818181818
19240->,-1,0.75,-0.5,0.75,0.818181818
19747->,0,-0.125,0,-0.125,0.818181818
20210->,0,-0.125,-0.125,0,0.818181818
20240->,0,0,0.5,-0.125,0.818181818
21296->,0.125,0.125,0,0,0.818181818
21396->,0.25,0.125,0.125,0.125,0.818181818
22117->,0,-0.75,0.25,0.25,0.818181818
22174->,0,0,-0.125,0,0.818181818
22930->,0.125,0,0.125,0,0.818181818
23868->,0.125,0,0,0,0.818181818
23900->,-0.125,0,-0.125,-0.125,0.818181818
23956->,0,0,0.125,0,0.818181818
25035->,-0.5,-0.25,-0.5,0,0.818181818
25506->,0.125,0.25,0.25,0.5,0.818181818
25530->,0,-0.125,-0.125,-0.125,0.818181818
25591->,0,0,0,-0.25,0.818181818
25593->,0,0,0,0,0.818181818
25970->,0,-0.125,0.125,-0.125,0.818181818
26036->,-0.25,-0.125,-0.125,-0.125,0.818181818
26393->,-0.375,0.125,0,0,0.818181818
26862->,0,0,0,0,0.818181818
26926->,0,0,0,0,0.818181818
26958->,0.125,0,0,0,0.818181818
27046->,-0.125,0,-0.125,-0.125,0.818181818
29519->,0.125,0,0.25,0.5,0.818181818
30121->,-0.25,0,-0.875,-0.25,0.818181818
30429->,0.125,0,0.125,-0.75,0.818181818
2197->,0.25,0.25,0.25,0.25,0.863636364
3265->,0,-0.125,0.125,0,0.863636364
4163->,-0.25,0,-0.25,0,0.863636364
4572->,-0.125,0.25,-0.875,0.25,0.863636364
4604->,0.125,0,1,0.125,0.863636364
4636->,0,0.125,0,-0.875,0.863636364
4637->,0.125,0,-0.875,0,0.863636364
4638->,0,0,0,0,0.863636364
4668->,0,0,0,0.875,0.863636364
4669->,0,0,0.875,-0.125,0.863636364
4700->,0,0,-0.125,0,0.863636364
4701->,0,-0.125,0,0,0.863636364
4733->,-0.125,0,-0.125,0.125,0.863636364
4766->,0.125,0.125,0,0,0.863636364
4829->,0,-0.125,0,0,0.863636364
4830->,-0.125,-0.125,0,0,0.863636364
4862->,0,0.25,-0.125,0.25,0.863636364
4893->,0,0.125,0,0.125,0.863636364
4994->,0,0,-0.25,0,0.863636364
5138->,0.875,0.5,0.875,-0.125,0.863636364
5467->,0.125,0.125,0,0.125,0.863636364
5468->,0.125,0.125,0.125,0,0.863636364
5499->,-0.125,-0.125,0,0,0.863636364
5531->,0,0.125,0,0,0.863636364
5532->,0.125,-0.125,0,-0.125,0.863636364
5563->,0,0,0,-0.125,0.863636364
5564->,0,0.125,-0.125,0,0.863636364
5596->,0,-0.125,0.125,0.125,0.863636364
5628->,0,0,0,0,0.863636364
5660->,0,0,0,-0.125,0.863636364
5724->,-0.125,0,0,0.125,0.863636364
5755->,-0.125,0,0.125,0,0.863636364
6330->,0,0,-0.125,-0.125,0.863636364
6362->,-0.125,-0.125,0,0.125,0.863636364
6363->,-0.125,0,0.125,-0.125,0.863636364
6394->,0.125,0.125,0,0,0.863636364
6395->,0.125,0,0,0.125,0.863636364
6426->,0,-0.125,0,0,0.863636364
6427->,-0.125,0,0,-0.125,0.863636364
6458->,0,0,0,0,0.863636364
6490->,0.125,0.125,0,0,0.863636364
6491->,0.125,0,0,0,0.863636364
7161->,0,-0.125,0,0,0.863636364
7790->,-0.25,0,0,-0.75,0.863636364
8024->,-0.125,-0.125,0,-0.125,0.863636364
8056->,0,0,0,0.125,0.863636364
8088->,0,-0.125,0,-0.125,0.863636364
8121->,0,0,0,0,0.863636364
8152->,-0.125,0,-0.125,0,0.863636364
8185->,0.125,0,0.125,0.125,0.863636364
8216->,0.125,0,0.125,0,0.863636364
8315->,-0.25,0,0,-0.25,0.863636364
8855->,-0.125,-0.125,-0.125,-0.125,0.863636364
8919->,-0.125,0.125,0,-0.125,0.863636364
9153->,0,-0.125,0,-0.125,0.863636364
9315->,0.875,0.5,0.375,0.25,0.863636364
9453->,0.125,0,0,0.125,0.863636364
9557->,0.25,-0.25,-0.375,0.75,0.863636364
9977->,-0.125,0,0,-0.125,0.863636364
10005->,0,0,0,-0.125,0.863636364
10009->,-0.75,0,-0.25,0.125,0.863636364
10588->,0,0,0.125,0.125,0.863636364
11016->,-0.25,0.25,-0.5,0,0.863636364
11113->,0,0,0.25,0.25,0.863636364
11668->,0.125,0.125,0.125,-0.125,0.863636364
12105->,-0.125,-0.125,-0.125,-0.125,0.863636364
12498->,0,0.125,0,0.125,0.863636364
12530->,0,0,0,0,0.863636364
12562->,0,0,0,0,0.863636364
12636->,0,-0.125,-0.125,0,0.863636364
12749->,0.125,-0.125,0,0,0.863636364
12781->,0,-0.125,-0.125,-0.5,0.863636364
12934->,0,0,-0.125,0,0.863636364
13204->,-0.125,0,0,-0.125,0.863636364
13436->,0.5,0,0.25,0.25,0.863636364
13496->,-0.875,0,-0.75,0,0.863636364
13617->,0,-0.125,-0.375,0,0.863636364
13717->,0,0.125,0.125,0.125,0.863636364
14961->,0.25,0,-0.25,-0.125,0.863636364
14962->,0,0,-0.125,0,0.863636364
14963->,0,-0.125,0,0,0.863636364
14993->,0.25,0,0.5,0,0.863636364
15157->,0,0,0,-0.125,0.863636364
15186->,0.125,0.125,-0.125,0.375,0.863636364
16051->,-0.125,0,0,0.25,0.863636364
16174->,0,-0.25,-0.125,0.125,0.863636364
16623->,0,-0.375,-0.25,-0.125,0.863636364
16654->,0.125,0.125,0.125,0.5,0.863636364
16655->,0.125,0.25,0.5,0,0.863636364
16686->,0.125,0.125,0,0,0.863636364
16806->,0.125,0.25,0,0,0.863636364
16863->,0.125,-0.125,0,-0.125,0.863636364
16938->,-0.25,-0.25,0,-0.25,0.863636364
17063->,-0.125,-0.25,-0.125,0.25,0.863636364
17100->,-0.25,0.125,0,-0.25,0.863636364
17229->,0,0,0,0,0.863636364
199->,0,0,0.5,0,0.909090909
300->,0,-0.125,0,-0.125,0.909090909
1344->,0,-0.125,0,0,0.909090909
2039->,-0.75,-0.25,0,-0.125,0.909090909
3664->,0,0.25,0,0.125,0.909090909
3709->,-0.125,-0.5,-0.125,-0.5,0.909090909
4395->,0,-0.375,-0.125,0,0.909090909
4670->,0,0,-0.125,0,0.909090909
4924->,0.125,0,-0.125,0,0.909090909
4925->,0,0.125,0,-0.125,0.909090909
4957->,0,-0.25,0,0,0.909090909
5137->,-1,0.875,-0.5,0.875,0.909090909
5229->,0,0.125,0,0,0.909090909
5500->,-0.125,-0.125,0,0,0.909090909
5629->,0,-0.125,0,-0.125,0.909090909
5692->,0,0.125,0,0,0.909090909
5723->,0.125,-0.125,0,0,0.909090909
5756->,0,0.125,0,0.125,0.909090909
5788->,0.125,0,0,-0.25,0.909090909
6298->,0,0,0.125,0.125,0.909090909
6554->,0.125,0.125,0.125,-0.125,0.909090909
6586->,-0.125,0,-0.125,0,0.909090909
6618->,0,0,0,0.125,0.909090909
6863->,0.25,-0.5,0.25,0,0.909090909
7484->,0,-0.25,-0.125,0,0.909090909
7485->,-0.25,0,0,0.25,0.909090909
7516->,-0.5,0.25,-0.125,0,0.909090909
7853->,-1,-0.875,-1,0.5,0.909090909
7885->,1,0,1,0,0.909090909
7992->,-0.125,0,0,-0.125,0.909090909
8009->,0.125,0.125,0.125,-0.125,0.909090909
8153->,0,-0.125,0,0,0.909090909
8316->,0,0,-0.25,0,0.909090909
8347->,-0.25,0.125,-0.5,0.25,0.909090909
8414->,0,0.25,-0.25,0,0.909090909
8887->,0.125,0,0,0,0.909090909
8951->,0,-0.125,0.125,0,0.909090909
8983->,0,-0.125,-0.125,0,0.909090909
9245->,0,0,0,0.25,0.909090909
9250->,0.125,0,0,0,0.909090909
9458->,0.375,0.5,0.5,-0.25,0.909090909
9482->,0.125,0.125,0.25,0.125,0.909090909
9607->,-0.25,1,-0.25,0,0.909090909
9976->,-0.25,-0.125,-0.5,0,0.909090909
10813->,-0.25,0.25,0.5,0.125,0.909090909
11275->,-0.125,-0.25,0,-0.5,0.909090909
11283->,0,0.25,0,-0.5,0.909090909
12811->,0.125,-0.25,0.125,0.125,0.909090909
13001->,0,0.125,0.125,0.125,0.909090909
13301->,-0.25,0,0,0,0.909090909
13393->,0,0,0,0,0.909090909
13639->,-0.25,-0.125,-0.375,0.125,0.909090909
13825->,0,-0.125,-0.125,0,0.909090909
13900->,0,0,0,0.125,0.909090909
14192->,0,0,0,0,0.909090909
14411->,0.5,0.125,0.25,-0.125,0.909090909
14521->,-0.125,0.125,0,0,0.909090909
14640->,0,-0.125,0,-0.25,0.909090909
14738->,0,0,-0.125,0,0.909090909
14965->,0,-0.5,-0.125,-0.25,0.909090909
15282->,-0.125,0,0,-0.125,0.909090909
15314->,0.25,0,-0.125,-0.125,0.909090909
15790->,-0.25,0.125,0.25,0,0.909090909
15822->,0.5,0.125,0.25,0.375,0.909090909
15854->,0,0,0,0.125,0.909090909
16081->,0,0,-0.125,0,0.909090909
16109->,0.5,0,0.375,0.125,0.909090909
16271->,0,0.125,0.125,0.125,0.909090909
16621->,0,0,-0.25,0.125,0.909090909
16622->,0,0,0.125,-0.25,0.909090909
16653->,0.25,0.125,0.5,0.125,0.909090909
16671->,0,0,0,0,0.909090909
16685->,0,0.125,0,0,0.909090909
16858->,-0.125,0,0,-0.125,0.909090909
16883->,-0.125,0,0,0,0.909090909
16907->,0.125,-0.125,0,0,0.909090909
16948->,0,0.125,-0.25,0.5,0.909090909
16990->,0,-0.5,0,0,0.909090909
17203->,0,0.125,0,-0.125,0.909090909
17269->,0.125,-0.125,0.125,0,0.909090909
17684->,0.875,0.375,0,0.875,0.909090909
17718->,0,0,0.125,0,0.909090909
17740->,0,0.125,0,0.125,0.909090909
18932->,0.125,0.125,0.125,0,0.909090909
19283->,-0.125,0,0.125,-0.125,0.909090909
19601->,0.125,0,0.125,-0.25,0.909090909
20082->,0.125,0.125,0.125,0,0.909090909
20133->,0.25,0,0.25,0.375,0.909090909
20497->,-0.125,0,0,0.75,0.909090909
20564->,0.125,0.125,0,0.125,0.909090909
21008->,-0.75,-0.25,-0.5,0,0.909090909
21234->,0,0,0.125,0,0.909090909
22066->,-0.125,0.125,0,0,0.909090909
22097->,0.25,0.125,0.125,0,0.909090909
22206->,0,-0.125,0,0,0.909090909
22238->,-0.125,0.125,0.125,-0.125,0.909090909
168->,0.125,0,0.125,0,0.954545455
340->,0.5,-0.375,0,-0.875,0.954545455
522->,0,-0.125,-0.125,-0.125,0.954545455
808->,0,0,0,0,0.954545455
1903->,0.375,-0.125,0,0,0.954545455
2027->,0,0,0,0,0.954545455
2059->,0,0,0,0,0.954545455
2294->,0,0.125,0,-0.125,0.954545455
3704->,0.375,0,0.375,0.25,0.954545455
4097->,-0.125,-0.125,-0.125,0,0.954545455
4164->,0,0,0,0,0.954545455
4197->,0.25,0,0.25,0.125,0.954545455
4270->,-0.5,0.25,-1,0.25,0.954545455
4274->,1,0,1,0.875,0.954545455
4306->,-0.5,0.875,-0.25,-0.875,0.954545455
4490->,0,-0.375,0,-0.25,0.954545455
4616->,-0.125,0.125,0,0,0.954545455
4685->,0.125,0,0.375,0.125,0.954545455
4702->,-0.125,0.125,0,-0.125,0.954545455
4739->,0.125,0,0.125,0,0.954545455
4991->,-0.125,0.25,-0.125,0.5,0.954545455
4995->,0,0.125,0,0,0.954545455
4996->,0.125,0.125,0,0,0.954545455
5020->,0,0,0,0,0.954545455
5027->,0.125,0,0.125,0.25,0.954545455
5203->,-0.125,-0.25,-0.125,-0.75,0.954545455
5260->,0.25,0,0.125,0,0.954545455
5358->,-0.125,-0.125,-0.25,-0.125,0.954545455
5403->,-0.125,0,-0.125,0.25,0.954545455
5431->,0.25,0,0.25,0,0.954545455
5435->,0,0,0.125,0,0.954545455
5490->,0,0.25,-0.25,0.375,0.954545455
5787->,0,0.125,-0.125,0,0.954545455
5826->,0,0.125,0,0.125,0.954545455
5827->,0.125,0,0.125,0.125,0.954545455
5886->,0,0.375,0,0,0.954545455
5931->,0,-0.125,0,-0.125,0.954545455
5963->,0,-0.125,0,-0.125,0.954545455
6255->,0.25,-0.75,0,0.25,0.954545455
6257->,0,0.25,-0.125,-0.75,0.954545455
6262->,0.25,0,0.25,0,0.954545455
6266->,-0.125,0.125,0,0,0.954545455
6331->,0,-0.125,-0.125,-0.125,0.954545455
6392->,0.125,0.125,0.125,0,0.954545455
6523->,-0.125,0.125,0,0.125,0.954545455
6930->,-0.375,0.5,-0.375,0,0.954545455
6985->,-0.125,0.5,0,-0.25,0.954545455
7022->,-1,0.5,-0.25,0.5,0.954545455
7086->,0,-0.5,0.25,-0.75,0.954545455
7112->,0.25,0,0,0.25,0.954545455
7113->,0,0,0.25,0.25,0.954545455
7144->,0.25,0.125,0.25,0.125,0.954545455
7193->,0,-0.125,-0.125,-0.125,0.954545455
7194->,-0.125,-0.125,-0.125,0,0.954545455
7225->,0,0.125,0.125,0.125,0.954545455
7226->,0.125,0.125,0.125,0,0.954545455
7257->,0,-0.125,0,-0.125,0.954545455
7258->,-0.125,-0.125,-0.125,0,0.954545455
7289->,0,0,0,0,0.954545455
7290->,0,0,0,-0.125,0.954545455
7321->,-0.125,0,0.125,0.125,0.954545455
7322->,0,0,0.125,0,0.954545455
7353->,0,0.125,-0.125,-0.125,0.954545455
7385->,0.125,0,0.125,0.125,0.954545455
7417->,0.125,0.125,-0.125,0,0.954545455
7449->,-0.125,-0.125,0,0,0.954545455
7512->,0,-0.125,0,0,0.954545455
7561->,0,0,0,0,0.954545455
7795->,0,0.25,0,0.25,0.954545455
7912->,0.25,-0.25,0.25,0,0.954545455
7944->,0,0,0,0,0.954545455
8184->,0.125,0.125,0,0.125,0.954545455
8458->,0.5,-0.75,0.125,-0.25,0.954545455
8622->,0,0.125,0,0,0.954545455
9145->,-0.5,0,-0.125,-0.25,0.954545455
9146->,0,-0.125,-0.25,0,0.954545455
9147->,-0.125,-0.125,0,0,0.954545455
9182->,0.25,0,0,0,0.954545455
9214->,-0.25,-0.25,-0.25,0,0.954545455
9387->,-0.125,0.25,-0.25,-0.5,0.954545455
9390->,0,0,0.75,0.125,0.954545455
9422->,0.875,0,0,-0.25,0.954545455
9424->,-0.125,-0.375,-0.25,0,0.954545455
9452->,0,0.125,0.25,0,0.954545455
9484->,-0.75,-0.875,-0.25,-0.5,0.954545455
9709->,-0.125,0,0,0,0.954545455
9782->,-0.125,0.125,0,-0.125,0.954545455
9814->,0,-0.125,0,-0.125,0.954545455
10007->,-0.125,0,0.125,0.25,0.954545455
10013->,0,0,0.25,0,0.954545455
10093->,-0.125,0,0,0,0.954545455
10094->,0,0.75,0,0.5,0.954545455
10282->,0.25,0.25,0.25,0,0.954545455
10312->,0.125,0.125,0.375,0.125,0.954545455
10314->,0,-0.25,0.125,-0.75,0.954545455
10441->,-0.125,0,-0.125,0,0.954545455
