191->,0,0,0,0,0,0,0,0,0,0,0,0,0,0,0,0,0,0,0,0,0,0,0,0,0,0,0,0,0,0,0,0,0,0,0,0,0,0,0,0,0,0,0,0,0,0,0,0,0,0,0,0,0,0,0,0,0,0,0,0,0,0,0,0,0,0.545454545
192->,0,0,0,0,0,0,0,0,0,0,0,0,0,0.125,0,0.125,0,0,0,0,0,0,0,0,0,0,0,0,0,0.125,0,0,0,0,0,0,0,0,0,0,0,0,0,0,0,0.125,0,0,0,0,0,0,0,0,0,0,0,0,0,0,0,0.125,0,0,0,0.5
352->,0.5,0.25,0.125,0,0.25,0,0.125,0,0,0,0,0.125,0,0,0,0.125,0.25,0.5,0.125,0,0.5,0,0.125,0,0,0,0,0.125,0,0,0,0.125,0.25,0.25,0.125,1,0.25,0,0.125,0,0,0,0,0.125,0,0,0,0.25,0.25,0.25,0.25,0.125,0.25,0,0.25,0,0,0.125,0.125,0.125,0,0,0,0.25,0,0
353->,0.25,0,0,0,0,0,0,0,0,0.125,0.125,0.125,0,1,1,0.5,0.5,0,0,0,0,0,0,0,0,0.125,0.125,0,0,0,0.125,0.5,0.25,0,0,0,0,0,0,0,0,0.25,0.25,0.125,0,0.5,0,0.5,0.25,0,0,0.125,0,0,0,0,0,0.25,0.25,0.125,0,0,0.25,1,0,0
403->,0.5,0.5,0.125,0.125,0.5,0.5,0.125,0.125,0.125,0,0,0.125,0.5,0.5,0.25,0.5,0.5,0.5,0.125,0.125,0.5,1,0.125,0.125,0.125,0,0,0.5,1,0.25,0.125,0.25,0.5,0.5,0.25,0.125,0.5,0.5,0.25,0.25,0.25,0,0,1,0.5,0.5,0.25,0.5,1,0.5,0.25,0.25,0.5,1,0.25,0.125,0.125,0,0,1,1,0.25,0.25,0.25,0,0
426->,0.5,0.125,0.125,0.5,0.125,0.125,0.125,0,0,0.125,0.125,0.25,0.125,0.25,0.5,0.25,0.125,0.125,0.125,1,0.125,0.125,0.125,0,0,0.5,0.5,0.25,0.125,0.125,0.25,0.25,0.5,0.25,0.125,1,0.25,0.25,0.125,0,0,1,1,0.25,0.25,0.25,0.5,0.125,0.25,0.25,0.25,1,0.25,0.125,0.25,0,0,1,1,0.25,0.125,0.25,0.25,0.5,0,0
443->,0,0.5,0.125,1,0.5,0.25,0.125,0.25,0.25,1,1,0,0.25,0.25,1,0.5,0,0.5,0.125,0.5,0.5,0.25,0.125,0.25,0.25,0.5,0.5,0,0.25,0.25,1,0.5,0,0.5,0.25,0.25,0.5,0.25,0.25,0.25,0.25,0.25,0.25,0.125,0.25,0.25,1,1,0,0.5,0.25,0.25,0.5,0.25,0.25,0.25,0.25,0.25,0.25,0,0.25,0.25,1,0.5,0,0.727272727
490->,1,1,0,0.125,1,0.5,0,0,0,0.25,0.25,0.125,0.5,1,0.25,0.5,0.5,0.5,0,0.125,0.5,0.5,0,0,0,0.25,0.25,0.5,0.5,1,0.25,0.25,0.25,0.25,0.125,0.25,0.25,1,0.125,0,0,0.25,0.25,0.25,1,1,0.25,0.5,0.25,0.25,0,0.5,0.25,0.5,0,0,0,0.125,0.125,0.5,0.5,1,0.25,0.5,0,0
999->,0.5,0,1,0,0,0.25,1,1,1,0.5,0.5,1,0.25,0.5,0.5,0.5,0.5,0.5,1,1,0.5,1,1,0.125,0.125,0.25,0.25,0.5,1,1,0.25,0.5,0.5,0.125,0.5,0,0.125,0.25,0.5,1,1,0.25,0.25,1,0.25,0.25,0.5,0.5,0.5,0.25,0.5,0,0.25,0.25,0.5,0.125,0.125,0.125,0.125,0.5,0.25,0.5,0.25,0.25,0,0.772727273
1040->,0.5,0.5,0.125,0.25,0.5,0.125,0.125,0,0,0.5,0.5,0.5,0.125,0.125,0,0.5,0.5,0.25,0.125,0.25,0.25,0,0.125,0,0,0.25,0.25,0.5,0,0.125,0,0.125,0.5,0.25,0.5,0.5,0.25,0.125,0.5,0,0,0.5,0.5,0.5,0.125,0.125,0,0.5,0.25,0.5,0,0.5,0.5,0,0,0,0,0.5,0.5,0.5,0,0.125,1,0.25,0,0
1666->,0.125,0,0.5,0,0,0.125,0.5,0.5,0.5,0.25,0.25,0.25,0.125,0.5,0.25,0.5,0.5,0,1,0,0,0.25,1,1,1,0.5,0.5,1,0.25,0.5,0.5,0.5,0.25,0,0.25,0,0,0,0.25,0.25,0.25,0.125,0.125,0.25,0,0.25,0.5,0.25,0.5,0.125,0.5,0,0.125,0.25,0.5,1,1,0.25,0.25,1,0.25,0.25,0.5,0.5,0.045454545,0.5
3023->,0.25,0.5,1,0,0.5,0.25,1,0.5,0.5,0.125,0.125,0.25,0.25,0.25,0.25,0.5,0.5,0.5,0,1,0.5,0.25,0,0.25,0.25,0.5,0.5,0.25,0.25,0.25,0.25,0.5,0.5,0.25,0.5,0.5,0.25,0.125,0.5,0.25,0.25,0.125,0.125,0.5,0.125,0.5,0.25,0.25,0.25,0.25,0,0.5,0.25,0.5,0,0.125,0.125,0.5,0.5,0.5,0.5,0.5,0.25,0.25,0.045454545,0.590909091
3648->,0.125,0,0.25,0.25,0,0.125,0.25,0.125,0.125,0.25,0.25,0,0.125,0.125,0.125,0.125,0.25,0.25,0.25,0.25,0.25,0.125,0.25,0.25,0.25,0.25,0.25,0.125,0.125,0,0.125,0.125,0.125,0.125,0.25,0.5,0.125,0.125,0.25,0.125,0.125,0.25,0.25,0.125,0.125,0.125,0.125,0.125,0.5,0.25,0.25,0.5,0.25,0.125,0.25,0.25,0.25,0.125,0.125,0.125,0.125,0.125,0.125,0.125,0.045454545,0.636363636
3666->,0.125,0,0.125,0.25,0,0,0.125,0.5,0.5,0.5,0.5,0.125,0,0,0.25,0.5,0.125,0,0.25,0,0,0,0.25,0.5,0.5,1,1,0,0,0,0.25,0.5,0.125,0.125,0.25,0.5,0.125,0,0.25,1,1,0.25,0.25,0,0,0.125,0.125,0.25,0.125,0,0.5,0,0,0,0.5,0.25,0.25,0.5,0.5,0.5,0,0.125,0.125,0.25,0.045454545,0.590909091
3695->,0.25,0.25,0,0.25,0.25,0.125,0,0,0,0.125,0.125,0.25,0.125,0.125,0,0.125,0.25,0.25,0.125,0.5,0.25,0.125,0.125,0.125,0.125,0.125,0.125,0.125,0.125,0.125,0,0.125,0.5,0.25,0.125,0.25,0.25,0.125,0.125,0,0,0.125,0.125,0.125,0.125,0.125,0,0.125,0.5,0.125,0.125,0.5,0.125,0.125,0.125,0.125,0.125,0.125,0.125,0.25,0.125,0.125,0.125,0.125,0.045454545,0.5
3706->,0,0,0.125,0.5,0,0.125,0.125,0.125,0.125,0.5,0.5,0.25,0.125,0,0.125,0.125,0,0,0.5,1,0,0,0.5,0.5,0.5,0.125,0.125,0.25,0,0.25,0.25,0.125,0,0,0.125,0.5,0,0,0.125,1,1,0.25,0.25,0.25,0,0.125,0.125,0.25,0,0,0.25,1,0,0,0.25,0.25,0.25,0.125,0.125,0.25,0,0.25,0.5,0.125,0.045454545,0.454545455
3707->,0,0.125,0.125,0.5,0.125,0,0.125,0.125,0.125,0.125,0.125,0.25,0,0.125,0.5,0.125,0,0,0.5,0.125,0,0.25,0.5,0.25,0.25,0.125,0.125,0.25,0.25,0.25,0.125,1,0,0,1,0.25,0,0.125,1,0.125,0.125,0.25,0.25,0.25,0.125,0.25,0.25,0.125,0,0,0.25,0.125,0,0.25,0.25,0.5,0.5,0.125,0.125,0.5,0.25,0.5,0.125,0,0.045454545,0.5
3716->,0.25,0.5,1,0.125,0.5,0.5,1,1,1,0.25,0.25,0.25,0.5,0,0.25,0.25,0.25,0.25,0.5,0.5,0.25,0.5,0.5,0.5,0.5,0.25,0.25,0.25,0.5,0.125,0.5,0.25,0.25,0.125,0.5,0.125,0.125,0.5,0.5,0.25,0.25,0.25,0.25,0.25,0.5,0.125,0.25,0.25,0.25,0.125,0.5,0.25,0.125,0.5,0.5,0.25,0.25,0.25,0.25,0.5,0.5,0.125,0.5,0.25,0.045454545,0.818181818
3717->,0.5,0.5,1,0.25,0.5,0,1,0.25,0.25,0.25,0.25,0.25,0,0,0.125,0.25,0.25,0.5,0.5,0.25,0.5,0.125,0.5,0.5,0.5,0.25,0.25,0.25,0.125,0.125,0.125,0.125,0.125,0.5,0.25,0.25,0.5,0.125,0.25,0.25,0.25,0.25,0.25,0.25,0.125,0,0.125,0.125,0.125,0.5,0.25,0.25,0.5,0.125,0.25,0.5,0.5,0.25,0.25,0.25,0.125,0.125,0.125,0.25,0.045454545,0.454545455
3844->,1,0,1,0.125,0,0.5,1,0.125,0.125,0.25,0.25,0.125,0.5,0.5,0.125,0.125,1,0,0.125,0.25,0,0.25,0.125,1,1,0.25,0.25,0.125,0.25,1,0,0.125,1,0,1,0.125,0,1,1,0.125,0.125,0.25,0.25,0.25,1,0.25,0,0.125,1,0,0.125,0.25,0,0.5,0.125,0.25,0.25,0.25,0.25,0.125,0.5,0.25,0,0.125,0.045454545,0.5
77->,0.5,0.5,1,1,0.5,0.25,1,1,1,1,1,0,0.25,0.25,0.125,1,1,0.25,1,1,0.25,0.5,1,0.5,0.5,1,1,0,0.5,1,0,1,0.5,0.25,1,0.5,0.25,0.25,1,0.5,0.5,1,1,0.125,0.25,0.5,0.125,1,0.25,0.25,0.5,0.5,0.25,0.5,0.5,0.5,0.5,0.25,0.25,0.125,0.5,1,0,1,0.090909091,0.954545455
531->,0.5,1,0.125,0.125,1,0.25,0.125,0.25,0.25,0.25,0.25,0.5,0.25,0.25,0.125,0.125,1,1,0,0,1,0.5,0,0.125,0.125,0.25,0.25,0.5,0.5,0.5,0.125,0.125,1,1,0.25,0.125,1,0.25,0.25,0.25,0.25,0.125,0.125,0.5,0.25,0.5,0.25,0.125,1,1,0.125,0,1,0.25,0.125,0.125,0.125,0.125,0.125,0.5,0.25,0.5,0.5,0.125,0.090909091,0.5
2559->,0.25,0.25,1,0.125,0.25,0.5,1,0.25,0.25,0.25,0.25,0.125,0.5,0.25,0.5,0.25,0.25,0.5,1,0.125,0.5,0.5,1,0.25,0.25,0.25,0.25,0.125,0.5,0.25,0.5,0.25,0.125,0.5,1,0.125,0.5,0.25,1,0.25,0.25,0.25,0.25,0.25,0.25,0.25,0.25,0.25,0.25,0.5,1,0.125,0.5,0.25,1,0.25,0.25,0.25,0.25,0.125,0.25,0.25,0.5,0.25,0.090909091,0.409090909
3022->,0.25,0.25,0,0,0.25,0.5,0,1,1,0,0,0.5,0.5,0.25,0.5,0.125,0.25,0.5,0,0,0.5,0.5,0,0,0,1,1,0.125,0.5,0.25,0.25,0.5,0.25,0.5,0,0,0.5,0.25,0,0.5,0.5,0.5,0.5,0.25,0.25,0.125,0.25,0.125,0.125,0.25,0,0,0.25,0.25,0,0,0,0.5,0.5,0.25,0.25,0.5,0.125,0.5,0.090909091,0
3157->,0.5,0,0.5,0,0,0,0.5,1,1,0.125,0.125,1,0,0.25,1,0.25,1,0.125,0.5,0,0.125,0.125,0.5,0.5,0.5,0.25,0.25,0.5,0.125,1,0.25,0.5,0.5,0.125,0.125,0,0.125,0,0.125,0.25,0.25,0.125,0.125,0.5,0,0.5,0.5,0.25,0.5,0.125,0.25,0.125,0.125,0.125,0.25,0.25,0.25,0.125,0.125,0.25,0.125,1,0.5,0.25,0.090909091,0.5
3367->,0.125,0,0.25,0.25,0,0.125,0.25,0.25,0.25,0.5,0.5,0.5,0.125,0,0.25,0.125,0.125,0,0.25,0.5,0,0.125,0.25,0.25,0.25,0.5,0.5,1,0.125,0,0.25,0.125,0.125,0,0.25,0.25,0,0.125,0.25,0.5,0.5,1,1,1,0.125,0.125,0.25,0.125,0.125,0,0.25,0.5,0,0.125,0.25,0.5,0.5,0.5,0.5,1,0.125,0,0.25,0.125,0.090909091,0.454545455
3603->,0,0,0,0.125,0,0,0,0.125,0.125,0.125,0.125,0.125,0,0,0.125,0.125,0,0.125,0,0.125,0.125,0,0,0.125,0.125,0,0,0.125,0,0.125,0.125,0.125,0.125,0.125,0.125,0.125,0.125,0.125,0.125,0.125,0.125,0.125,0.125,0.125,0.125,0.125,0.125,0.125,0.125,0.125,0.125,0.125,0.125,0.125,0.125,0.125,0.125,0.125,0.125,0.125,0.125,0.125,0.125,0.125,0.090909091,0.454545455
3664->,0,0,0,0.5,0,0.125,0,0,0,0.25,0.25,0,0.125,0,0.125,0.25,0,0,0.125,0.25,0,0.125,0.125,0.25,0.25,0.125,0.125,0,0.125,0,0.25,0,0,0,0,0.25,0,0.125,0,0.125,0.125,0.25,0.25,0,0.125,0.125,0.25,0.5,0,0,0,0.25,0,0.125,0,0.25,0.25,0.125,0.125,0,0.125,0,0.5,0,0.090909091,0.136363636
3843->,1,1,1,1,1,0,1,1,1,0.125,0.125,0.25,0,0.5,0.125,0.25,1,1,1,1,1,0,1,0.125,0.125,0.25,0.25,0.25,0,0.25,1,0.25,1,1,1,1,1,0,1,1,1,0.125,0.125,0.25,0,1,0.125,0.25,1,1,1,1,1,0,1,0.125,0.125,0.25,0.25,0.125,0,0.5,0.25,0.25,0.090909091,0.5
3866->,0.5,1,1,0.25,1,1,1,0.125,0.125,0.25,0.25,0.5,1,0.125,0.25,0.125,1,1,1,0.125,1,0.125,1,0.25,0.25,0.25,0.25,0.25,0.125,1,0.25,0.125,0.5,1,1,0.25,1,1,1,0.125,0.125,0.25,0.25,0.5,1,0.125,0.25,0.25,1,1,1,0.125,1,0.125,1,0.25,0.25,0.125,0.125,0.5,0.125,0.25,0.25,0.125,0.090909091,0.5
221->,0,0,0,0,0,0,0,0,0,0.125,0.125,0,0,0,0.125,0,0,0,0,0,0,0,0,0,0,0.125,0.125,0.125,0,0.125,0.125,0,0,0.125,0.125,0.125,0.125,0,0.125,0,0,0.125,0.125,0.125,0,0,0.125,0.125,0,0,0.125,0.125,0,0,0.125,0.125,0.125,0.125,0.125,0.125,0,0,0.125,0.125,0.136363636,0.5
331->,0.5,0.5,0,0,0.5,0.5,0,1,1,1,1,0.5,0.5,1,0.125,0.25,0.5,0.5,0,0,0.5,0.5,0,0,0,0.125,0.125,0.5,0.5,1,0,1,0.5,0.5,0,0,0.5,0.25,0,0.5,0.5,0,0,0.5,0.25,0.25,0.125,0.125,0.25,0.5,0,0,0.5,0.25,0,0,0,0.25,0.25,1,0.25,0.5,0,0.125,0.136363636,0.5
477->,0.25,0.125,0.25,0,0.125,0.125,0.25,0.25,0.25,0.125,0.125,0.125,0.125,0.25,0.25,0.125,0.125,0.125,0.125,0,0.125,0.25,0.125,0.25,0.25,0.125,0.125,0,0.25,0.25,0.25,0.125,0.125,0.25,0.25,0.125,0.25,0.125,0.25,0.25,0.25,0.125,0.125,0.125,0.125,0.25,0.5,1,0.25,0.25,0.5,0.125,0.25,0.25,0.5,0.125,0.125,0.125,0.125,0.125,0.25,0.25,0.5,0.25,0.136363636,0.181818182
1663->,0,0.125,0.25,0.125,0.125,0,0.25,0.25,0.25,0,0,0,0,0.125,0.5,0,0,0,0.5,0.125,0,0.25,0.5,0.25,0.25,0,0,0,0.25,0.5,0.125,0,0,0.125,0.25,0.125,0.125,0.125,0.25,0.25,0.25,0,0,0,0.125,0.25,0.25,0,0,0.125,0.25,0.125,0.125,0.25,0.25,0.25,0.25,0,0,0,0.25,0.5,0.25,0,0.136363636,0.590909091
1664->,0.125,0,0.25,0,0,0.125,0.25,0.5,0.5,0,0,0,0.125,0,0.5,0,0,0.25,0.25,0,0.25,0.5,0.25,0.125,0.125,0,0,0,0.5,0,1,0,0.125,0.125,0.25,0,0.125,0.25,0.25,0.25,0.25,0,0,0.125,0.25,0,0.25,0,0.125,0.25,0.25,0,0.25,0.5,0.25,0.25,0.25,0,0,0.125,0.5,0.125,0.5,0,0.136363636,0.5
1686->,0.5,0.25,0.125,0.125,0.25,0.25,0.125,0,0,0,0,0.125,0.25,0.5,0,0,0.25,0.5,0.125,0,0.5,0.25,0.125,0,0,0,0,0.25,0.25,0.125,0,0,0.25,0.25,0.125,0.125,0.25,0.25,0.125,0,0,0,0,0.125,0.25,0.25,0,0.125,0.125,0.25,0.125,0,0.25,0.25,0.125,0,0,0,0,0.25,0.25,0.25,0,0.125,0.136363636,0.5
1687->,0.25,0.25,0,0,0.25,0.5,0,0,0,0,0,0.125,0.5,0.5,0,1,0.5,0.25,0,0,0.25,0.125,0,0,0,0,0,0.125,0.125,1,0,0.5,0.25,0.25,0,0,0.25,0.25,0,0,0,0.125,0.125,0.25,0.25,0.25,0,0.5,0.25,0.25,0,0,0.25,0.25,0,0,0,0.125,0.125,0.125,0.25,0.5,0,1,0.136363636,0.5
1688->,0.25,0.5,0,0,0.5,0.5,0,0,0,1,1,1,0.5,0.5,0.25,0.25,0.25,0.125,0,0,0.125,1,0,0,0,0.5,0.5,0.25,1,1,0.5,1,0.25,0.25,0,0.125,0.25,0.25,0,0,0,0.5,0.5,0.125,0.25,0.25,0.125,0.25,0.25,0.25,0,0.125,0.25,0.5,0,0,0,1,1,0.25,0.5,1,0.25,1,0.136363636,0.590909091
1988->,0.25,0.125,0.25,0,0.125,0.25,0.25,0.5,0.5,0,0,0,0.25,0.25,0.5,0,0.125,0.125,0.25,0,0.125,0.25,0.25,0.25,0.25,0,0,0,0.25,0.25,0.5,0.125,0.25,0.25,0.25,0,0.25,0.125,0.25,0.5,0.5,0,0,0,0.125,0.125,0.25,0.125,0.25,0.25,0.5,0,0.25,0.25,0.5,0.5,0.5,0,0,0,0.25,0.25,0.5,0,0.136363636,0.954545455
2002->,0,0,0,0.5,0,0,0,0,0,0.25,0.25,0.5,0,0,1,0.5,0,0,0.125,0.5,0,0,0.125,0.25,0.25,0.25,0.25,0.5,0,0,1,0.25,0,0.125,0.125,0.25,0.125,0,0.125,0.125,0.125,0.25,0.25,0.5,0,0,1,0.5,0,0.125,0.125,0.25,0.125,0,0.125,0.125,0.125,0.25,0.25,0.5,0,0,1,0.25,0.136363636,0.454545455
244->,0,0,0,0,0,0,0,0.125,0.125,0,0,0.25,0,0.125,0,0,0,0,0,0,0,0,0,0.125,0.125,0.125,0.125,0.5,0,0.125,0,0.125,0,0.125,0.125,0.125,0.125,0,0.125,0.125,0.125,0.125,0.125,0.25,0,0.125,0.125,0.125,0,0.125,0.125,0.125,0.125,0.125,0.125,0.125,0.125,0.125,0.125,0.25,0.125,0.125,0.125,0.125,0.181818182,0.5
328->,0,0,0.5,0,0,0.125,0.5,0.25,0.25,0.125,0.125,0,0.125,0.5,0,0,0,0.125,0.25,0,0.125,0.25,0.25,0.5,0.5,0.125,0.125,0,0.25,0.5,0,0,0,0,0.25,0,0,0.125,0.25,0.25,0.25,0.125,0.125,1,0.125,0.5,0,0,0,1,0.25,0,1,0.25,0.25,0.25,0.25,0.25,0.25,0.125,0.25,0.25,0,0,0.181818182,0.590909091
351->,0.125,0.5,0,0,0.5,0.25,0,0.125,0.125,0,0,0.125,0.25,0,0,0,0.25,0.25,0,0,0.25,0.5,0,0.125,0.125,0,0,0.25,0.5,0,0,0,0.5,0.25,0,0,0.25,0.25,0,0.125,0.125,1,1,0.25,0.25,0,0,0,0.25,0.25,0,0,0.25,0.25,0,0.25,0.25,0.125,0.125,0.5,0.25,0,0,0.125,0.181818182,0.5
668->,0,0,0.125,1,0,0,0.125,0.5,0.5,0.5,0.5,0.25,0,0,0.5,0.5,0,0,0.25,0.25,0,0,0.25,0.25,0.25,0.25,0.25,0.25,0,0,0.25,0.5,0,0.125,0.125,0.5,0.125,0,0.125,0.125,0.125,0.5,0.5,0.25,0,0,0.5,0.5,0,0.125,0.25,0.5,0.125,0,0.25,0.25,0.25,0.5,0.5,0.25,0,0,0.25,0.5,0.181818182,0.5
1018->,0.125,0.25,0.125,0,0.25,0.5,0.125,0.125,0.125,0,0,0.5,0.5,0.25,0,0,0.125,0.5,0,0,0.5,0.25,0,0.125,0.125,0,0,0.125,0.25,0,0,0,0.25,0.125,0.125,0,0.125,0.25,0.125,0.125,0.125,0,0,0.5,0.25,0.25,0,0,0.5,0.25,0,0,0.25,0.25,0,0.125,0.125,1,1,0.25,0.25,0,0,0,0.181818182,0.545454545
1124->,0,0.125,0.25,0.25,0.125,0.125,0.25,0.125,0.125,0.125,0.125,0,0.125,0,0,0,0,0.125,0.25,0.25,0.125,0.125,0.25,0.125,0.125,0.125,0.125,0,0.125,0,0.125,0,0.125,0.125,0.125,0.25,0.125,0.125,0.125,0.125,0.125,0.125,0.125,0.125,0.125,0,0.125,0.125,0.125,0.125,0.25,0.25,0.125,0.125,0.25,0.125,0.125,0.125,0.125,0,0.125,0.125,0.125,0.125,0.181818182,0.454545455
1335->,0,0,0.125,0.5,0,0,0.125,0.25,0.25,0.25,0.25,0.5,0,0,1,0.25,0,0,0.125,1,0,0,0.125,0.5,0.5,0.5,0.5,0.25,0,0,0.5,0.5,0,0.125,0.125,0.25,0.125,0,0.125,0.125,0.125,0.25,0.25,0.5,0,0,1,0.25,0,0.125,0.125,0.5,0.125,0,0.125,0.125,0.125,0.5,0.5,0.25,0,0,0.5,0.5,0.181818182,0.5
1662->,0,0,0.5,0.5,0,0.125,0.5,0.25,0.25,0.125,0.125,0.125,0.125,0,0.25,0,0,0,0.25,0.125,0,0,0.25,0.5,0.5,0.125,0.125,0,0,0.25,0.25,0,0,0,0.25,0.5,0,0.125,0.25,0.25,0.25,0.125,0.125,0.125,0.125,0.125,0.25,0,0,0,0.125,0.125,0,0.125,0.125,0.25,0.25,0.125,0.125,0,0.125,0.25,0.25,0,0.181818182,0.636363636
1665->,0,0.125,0.5,0,0.125,0,0.5,0.5,0.5,0,0,1,0,0.125,0.5,0.25,0.25,0.5,0.125,0,0.5,0,0.125,1,1,0,0,0.5,0,0.25,1,0.5,0.125,0.25,0.25,0,0.25,0,0.25,0.25,0.25,0,0,0.5,0,0,0.25,0.125,0.25,0.5,0.25,0,0.5,0.125,0.25,0.5,0.5,0,0,1,0.125,0.25,1,0.25,0.181818182,0.590909091
2352->,0.125,0.125,0.25,0.125,0.125,0.5,0.25,0.125,0.125,0.125,0.125,0.25,0.5,0.25,0,0,0,0.5,0.5,0,0.5,0.25,0.5,0.125,0.125,0.125,0.125,0.25,0.25,0.25,0,0,0.125,0.125,0.25,1,0.125,0.25,0.25,0.125,0.125,0,0,0.25,0.25,0.125,0,0,0.125,0.25,0.5,0.125,0.25,0.25,0.5,0.125,0.125,0.125,0.125,0.125,0.25,0.25,0,0,0.181818182,0.545454545
1->,0,0,0.25,0.25,0,0,0.25,0.25,0.25,0.25,0.25,0.25,0,0,0.25,0.5,0,0,0.5,0.5,0,0,0.5,0.25,0.25,0.5,0.5,0.5,0,0,0.5,1,0,0.125,0.25,0.5,0.125,0,0.25,0.25,0.25,0.5,0.5,0.25,0,0,0.25,0.5,0,0.125,1,0.5,0.125,0.125,1,0.25,0.25,1,1,0.25,0.125,0,1,1,0.227272727,0.5
2->,0,0,0.25,0.25,0,0,0.25,0.25,0.25,0.5,0.5,0.25,0,0,0.5,0.25,0,0,0.25,0.5,0,0,0.25,0.5,0.5,1,1,0.25,0,0,1,0.5,0.125,0,0.25,0.5,0,0,0.25,0.25,0.25,0.5,0.5,0.25,0,0.125,0.5,0.25,0.125,0.125,0.25,1,0.125,0,0.25,1,1,1,1,0.25,0,0.125,1,0.25,0.227272727,0.545454545
305->,0.125,0.125,0,0.5,0.125,0,0,0.125,0.125,0.25,0.25,0.125,0,0,0.5,0,0.125,0,0.125,0.25,0,0,0.125,0.25,0.25,0.5,0.5,0.125,0,0,0.5,0,0.125,0,0,0.25,0,0,0,0.125,0.125,0.25,0.25,0.125,0,0,0.5,0,0.125,0,1,0.25,0,0,1,0.25,0.25,0.25,0.25,0.25,0,0,0.25,0,0.227272727,0.545454545
306->,0.125,0,0.125,0.25,0,0,0.125,0.5,0.5,0,0,0,0,0,0.5,0,0,0,0.25,0.5,0,0,0.25,0.5,0.5,0,0,0,0,0.125,0.5,0,0,0,0.125,0.25,0,0,0.125,0.5,0.5,0,0,0,0,0,0.5,0,0,0,0.25,0.25,0,0,0.25,0.25,0.25,0,0,0,0,0.125,0.5,0,0.227272727,0.5
307->,0,0,0.5,0,0,0,0.5,0.5,0.5,0,0,0,0,0,0.5,1,0,0,0.5,0,0,0.125,0.5,0.5,0.5,0,0,0,0.125,0,0.5,0,0,0,0.5,0,0,0,0.5,0.5,0.5,0,0,0,0,0,0.25,0.5,0,0,0.25,0,0,0.125,0.25,0.5,0.5,0,0,0,0.125,0,0.25,0,0.227272727,0.454545455
308->,0,0,0.5,0,0,0,0.5,0.5,0.5,1,1,1,0,0,1,0.125,0,0.125,0.5,0,0.125,0,0.5,0.5,0.5,0,0,0.125,0,0,1,0,0,0,0.5,0,0,0,0.5,0.25,0.25,0.5,0.5,0,0,0,0.25,0.125,0,0.125,0.5,0,0.125,0,0.5,0.25,0.25,0,0,0.25,0,0,0.5,0,0.227272727,0.5
309->,0,0,0.5,1,0,0,0.5,1,1,0.125,0.125,0.25,0,0,1,0.25,0.125,0,0.5,0,0,0,0.5,1,1,0,0,1,0,0,1,0.25,0,0,0.25,0.5,0,0,0.25,0.25,0.25,0.125,0.125,0.125,0,0,0.5,0.25,0.125,0,0.25,0,0,0,0.25,0.5,0.5,0,0,0.125,0,1,0.5,0.5,0.227272727,0.681818182
327->,0.5,0,0.125,0.25,0,0,0.125,0.5,0.5,0,0,0,0,0.125,0.25,0.125,0.5,0,0.25,0.25,0,0.125,0.25,0.25,0.25,0,0,0,0.125,0.25,0.5,0.125,1,0,0.5,0.5,0,0,0.5,0.25,0.25,0,0,0,0,0.125,0.25,0.125,0.5,0,0.25,0.25,0,1,0.25,0.25,0.25,0,0,0,1,0.25,0.25,0.25,0.227272727,0.5
329->,0,0.125,0.25,0.125,0.125,0.5,0.25,0,0,0,0,0,0.5,0.5,0,0,0.125,0.25,0.5,0.125,0.25,0.5,0.5,0,0,0,0,0,0.5,0.5,0,0,0,0.125,0.25,0.125,0.125,0.5,0.25,0,0,0,0,0,0.5,0.5,0,0,1,0.25,0.25,0.25,0.25,0.25,0.25,0,0,0,0,0.125,0.25,0.5,0,0,0.227272727,0.545454545
330->,0.125,0.5,0,0,0.5,0.5,0,0,0,0,0,0.125,0.5,0.5,1,1,0.25,0.5,0,0,0.5,0.5,0,0,0,0,0,0.125,0.5,0.5,0,0.125,0.125,0.5,0,0,0.5,0.5,0,0,0,0,0,0.25,0.5,0.25,0.5,0,0.25,0.25,0,0,0.25,0.5,0,0,0,0,0,0.25,0.5,0.25,0,0.25,0.227272727,0.5
9->,0,0,0.25,0.25,0,0,0.25,0.25,0.25,0.5,0.5,0.25,0,0,0,0.25,0,0.25,0.25,0.5,0.25,0.25,0.25,0.25,0.25,0.5,0.5,1,0.25,0,0,0.25,0,0,0.25,0.25,0,0.125,0.25,0.25,0.25,0.125,0.125,0.5,0.125,0.125,0,0.25,0,0.25,0.25,0.125,0.25,0.25,0.25,0.25,0.25,0.25,0.25,1,0.25,0.125,0.125,0.25,0.272727273,0.5
284->,0.125,0,0,0.5,0,0.125,0,0,0,0.5,0.5,0,0.125,0.125,0,0.5,0.125,0,0,0.5,0,0.125,0,0.125,0.125,0.5,0.5,0,0.125,0,0,0.5,0.125,0,0,0.5,0,0.125,0,0,0,0.5,0.5,0,0.125,0.125,0,0.25,0.125,0,0,0.25,0,0,0,0.125,0.125,0.5,0.5,0,0,0,0,0.25,0.272727273,0.181818182
333->,0.5,1,0.125,0.25,1,1,0.125,0.25,0.25,0.5,0.5,0.5,1,0.5,0.25,0.25,0.5,1,0,1,1,1,0,0.25,0.25,0.25,0.25,0.5,1,1,0.25,0.5,0.25,0.25,0.125,0.125,0.25,0.5,0.125,0.25,0.25,0.25,0.25,0.5,0.5,0.25,1,0.25,0.25,0.5,0,0.125,0.5,0.5,0,0.5,0.5,0.25,0.25,0.5,0.5,1,0.5,0.25,0.272727273,0.545454545
334->,1,1,0.25,0.5,1,0.5,0.25,0.25,0.25,0.25,0.25,0.5,0.5,0.25,0.25,0.5,1,1,0.25,0.25,1,1,0.25,0.25,0.25,0.5,0.5,1,1,0.5,0.25,1,0.25,0.5,0.25,0.25,0.5,0.25,0.25,1,1,0.25,0.25,0.5,0.25,0.25,0.5,0.25,0.5,0.5,0.5,0.25,0.5,1,0.5,0.5,0.5,0.25,0.25,1,1,0.5,0.5,0.5,0.272727273,0.636363636
335->,1,0.5,0.25,0.25,0.5,0.25,0.25,0.25,0.25,0.5,0.5,0.5,0.25,0.25,0.25,0.25,1,1,0.25,0.5,1,0.5,0.25,0.25,0.25,1,1,0.25,0.5,0.25,0.25,0.25,0.5,0.25,1,0.25,0.25,0.25,1,0.5,0.5,0.25,0.25,0.5,0.25,0.25,0.125,0.25,0.5,1,0.5,0.25,1,0.5,0.5,0.5,0.5,0.5,0.5,0.25,0.5,0.25,0.25,0.25,0.272727273,0.5
336->,0.5,0.25,0.25,0.5,0.25,0.25,0.25,0.25,0.25,0.25,0.25,0.25,0.25,0.125,0,0,1,0.5,0.25,1,0.5,0.25,0.25,0.25,0.25,0.25,0.25,0.25,0.25,0.125,0.125,0,0.25,0.25,0.5,0.25,0.25,0.25,0.5,0.125,0.125,0.25,0.25,0.25,0.25,0.125,0.125,0,1,0.5,0.5,0.5,0.5,0.25,0.5,0.25,0.25,0.25,0.25,0.25,0.25,0.125,0.125,0,0.272727273,0.454545455
337->,0.25,0.25,0.25,0.25,0.25,0.125,0.25,0,0,0,0,0.25,0.125,0,0,0,0.5,0.25,0.25,0.25,0.25,0.125,0.25,0.125,0.125,0,0,0.25,0.125,0,0.125,0,0.25,0.25,0.125,0.25,0.25,0.125,0.125,0.125,0.125,0,0,0.25,0.125,0.125,0.125,0,0.5,0.25,0.25,0.25,0.25,0.125,0.25,0.125,0.125,0,0,0.25,0.125,0.125,0.125,0,0.272727273,0.5
347->,0.125,0.125,0,0,0.125,0,0,0.25,0.25,1,1,0.25,0,0.25,0.5,0.125,0.125,0.125,0,0,0.125,0.125,0,0.5,0.5,0.5,0.5,0.125,0.125,0.25,0.5,0.25,0.125,0.125,0,0,0.125,0,0,0.25,0.25,1,1,0.25,0,0.5,0.25,0.125,0.125,0.125,0.125,0,0.125,0,0.125,0.5,0.5,0.5,0.5,0.125,0,0.25,0.25,0.25,0.272727273,0.5
348->,0.125,0,0.25,1,0,0.25,0.25,0.5,0.5,0.125,0.125,0.25,0.25,0.125,0.25,0.125,0.125,0.125,0.5,0.5,0.125,0.25,0.5,0.5,0.5,0.25,0.25,0.25,0.25,0.25,0.25,1,0.125,0,0.25,1,0,0.5,0.25,0.25,0.25,0.125,0.125,0.25,0.5,0.5,0.5,0,0.125,0,0.5,0.5,0,0.25,0.5,0.25,0.25,0.25,0.25,0.125,0.25,0.25,0.25,0.5,0.272727273,0.5
349->,0,0.25,0.5,0.125,0.25,0.125,0.5,0.25,0.25,0.125,0.125,0.25,0.125,0.5,0,0,0.125,0.25,0.5,0.25,0.25,0.25,0.5,0.25,0.25,1,1,0.25,0.25,0.25,0,0,0,0.5,0.25,0.125,0.5,0.5,0.25,0.5,0.5,0,0,0.5,0.5,0.25,0,0,0,0.25,0.25,0.25,0.25,0.25,0.25,0.25,0.25,0.5,0.5,0.5,0.25,0.25,0,0,0.272727273,0.5
8->,0,0,0.5,0.25,0,0,0.5,0.25,0.25,0.25,0.25,0.25,0,0,0.25,0.5,0,0,0.25,0.5,0,0.25,0.25,0.25,0.25,0.5,0.5,0.5,0.25,0.25,0.25,0.5,0.125,0,0.25,0.25,0,0,0.25,0.25,0.25,0.25,0.25,0.25,0,0.125,0.25,0.125,0.125,0,0.25,0.5,0,0.25,0.25,0.25,0.25,0.125,0.125,0.5,0.25,0.25,0.25,0.25,0.318181818,0.5
285->,0,0.125,0,0.5,0.125,0.125,0,0,0,0.5,0.5,1,0.125,0,0,1,0,0.125,0.125,0.5,0.125,0,0.125,0,0,0.5,0.5,0,0,0,0,1,0,0.125,0,0.5,0.125,0.125,0,0,0,0.25,0.25,0.5,0.125,0,0,0.25,0,0,0.125,0.5,0,0,0.125,0,0,0.25,0.25,0,0,0,0,0.5,0.318181818,0.590909091
304->,0.5,0.125,0,0.125,0.125,0.125,0,0,0,0.5,0.5,0,0.125,0,0.125,0.25,1,0.125,0,0.25,0.125,0,0,0.125,0.125,0.25,0.25,0,0,0,0.25,0.5,0.5,0.125,0,0.5,0.125,0,0,0,0,0.25,0.25,0,0,0,0.125,0.25,0.5,0.125,0,0.25,0.125,0,0,1,1,0.25,0.25,0,0,0,0.25,0.25,0.318181818,0.318181818
310->,0,0,1,0.125,0,0,1,1,1,0.25,0.25,0.5,0,1,0.5,0.25,0,0,1,0,0,0,1,1,1,0.25,0.25,0.25,0,1,1,0.25,0,0,0.25,0.125,0,0,0.25,0.5,0.5,0.25,0.25,0.25,0,0.5,0.25,1,0,0,0.5,0,0,1,0.5,0.5,0.5,0.5,0.5,0.25,1,0.5,1,0.5,0.318181818,0.5
332->,0.5,0.5,1,1,0.5,1,1,0.125,0.125,0.25,0.25,0.5,1,1,0.25,0.5,0.5,0.5,0,0.125,0.5,1,0,0,0,1,1,0.5,1,1,0.25,0.25,0.5,0.25,0.5,0,0.25,0.25,0.5,0.125,0.125,0.125,0.125,0.5,0.25,0.5,0.25,0.25,0.5,0.25,0,0.25,0.25,0.5,0,0,0,0.125,0.125,1,0.5,0.5,0.5,0.25,0.318181818,0.954545455
350->,0.25,0.125,0.25,0.125,0.125,0.5,0.25,0,0,0,0,0.25,0.5,0.25,0.125,0,0.25,0.25,0.25,1,0.25,0.25,0.25,0,0,0,0,0.5,0.25,0.5,0.125,0,0.5,0.5,0.5,0,0.5,0.25,0.5,0,0,0,0,0.5,0.25,0.25,0.125,1,0.25,0.25,0.25,0.5,0.25,0.25,0.25,0,0,0,0,1,0.25,0.25,0.25,0.125,0.318181818,0.5
444->,0.5,0.25,0.25,1,0.25,0.25,0.25,1,1,0.5,0.5,0,0.25,0.5,0.125,1,0.5,0.25,0.25,0.5,0.25,0.25,0.25,1,1,0.5,0.5,0,0.25,0,0.125,1,0.5,0.25,0.25,0.25,0.25,0.25,0.25,1,1,1,1,0,0.25,0,0.5,1,0.5,0.25,0.25,0.25,0.25,0.25,0.25,1,1,0.5,0.5,0,0.25,0.125,0.125,1,0.318181818,0.181818182
456->,0,0,0.25,0.25,0,0.125,0.25,0.25,0.25,0.25,0.25,0.25,0.125,0.125,0.125,0.125,0,0,0.25,0.25,0,0.125,0.25,0.25,0.25,0.25,0.25,0.25,0.125,0.125,0,0.125,0.125,0.125,0.25,0.5,0.125,0.125,0.25,0.25,0.25,0.25,0.25,0.25,0.125,0.125,0.125,0.125,0,0.125,0.25,0.5,0.125,0.125,0.25,0.25,0.25,0.25,0.25,0.25,0.125,0.125,0.125,0.125,0.318181818,0.5
466->,0,0.125,1,0,0.125,0.25,1,1,1,0,0,0.125,0.25,1,0.5,0,0,0.125,0.5,0.125,0.125,0.25,0.5,0.5,0.5,0,0,0.125,0.25,1,0.5,0,0.125,0.25,0.25,0,0.25,0.25,0.25,0.25,0.25,0.125,0.125,0.25,0.25,1,1,0,0.125,0.25,0.25,0,0.25,0.25,0.25,0.25,0.25,0,0,0.5,0.25,1,0.5,0,0.318181818,0.545454545
467->,0.125,0.25,1,0,0.25,1,1,0.5,0.5,0,0,0.25,1,0.125,1,0.25,0.125,0.25,0.5,0,0.25,1,0.5,0.5,0.5,0,0,0.25,1,0.125,1,0.25,0.25,0.25,0.25,0.125,0.25,1,0.25,1,1,0,0,0.25,1,0.5,1,0.25,0.25,0.25,0.25,0,0.25,1,0.25,0.5,0.5,0,0,0.125,1,0.125,1,0.25,0.318181818,0.5
7->,0,0,0.25,0.25,0,0,0.25,0.5,0.5,0.25,0.25,0.5,0,0,0.25,0.25,0,0,0.5,0.25,0,0,0.5,0.25,0.25,0.5,0.5,0.25,0,0.25,0.25,0.5,0,0.125,0.125,0.25,0.125,0,0.125,0.25,0.25,0.25,0.25,0.25,0,0,0.25,0.25,0,0.125,0.25,0.25,0.125,0,0.25,0.25,0.25,0.5,0.5,0.25,0,0.25,0.25,0.125,0.363636364,0.5
56->,0.25,0.5,0.25,0.125,0.5,0.25,0.25,0.25,0.25,0.5,0.5,0.5,0.25,0.25,0.125,0.125,0.5,0.5,1,0,0.5,0.25,1,0.25,0.25,0.5,0.5,1,0.25,0.25,0.125,0.125,0.25,0.125,0.5,0.125,0.125,0.25,0.5,0.5,0.5,0.5,0.5,0.5,0.25,0.25,0.125,0.125,0.125,0.25,1,0,0.25,0.25,1,0.5,0.5,0.5,0.5,1,0.25,0.25,0.125,0.125,0.363636364,0.454545455
76->,0.5,0.5,1,1,0.5,0.5,1,1,1,1,1,0,0.5,0.25,1,1,0.5,1,1,1,1,0.25,1,1,1,1,1,0,0.25,0.5,0.5,1,0.5,0.5,0.5,1,0.5,0.25,0.5,1,1,0.5,0.5,0,0.25,0.25,0.5,1,0.5,0.25,1,1,0.25,0.25,1,0.5,0.5,0.5,0.5,0,0.25,0.5,0.5,0.25,0.363636364,0.909090909
80->,0.25,0.25,0.5,0.5,0.25,0.125,0.5,0.125,0.125,0.125,0.125,0,0.125,0.5,0,0.125,1,0.25,0.5,1,0.25,0.125,0.5,0.125,0.125,0,0,0,0.125,0.25,0,0,0.5,0.5,0.5,0.5,0.5,0.125,0.5,0.125,0.125,0.125,0.125,0,0.125,0.5,0.125,0.125,1,0.5,0.5,1,0.5,0.125,0.5,0.125,0.125,0.125,0.125,0.125,0.125,0.5,0.125,0.125,0.363636364,0.5
145->,0.5,0.125,0,0,0.125,0,0,0.125,0.125,0,0,0,0,0,0,0,0.5,0.125,0,0,0.125,0,0,0,0,0,0,0,0,0,0,0,0.5,0.125,0,0,0.125,0,0,0.125,0.125,0,0,0,0,0.125,0,0,0.5,0.125,0,0,0.125,0,0,0,0,0,0,0,0,0.125,0,0,0.363636364,0.5
288->,0,0,0,1,0,0,0,1,1,0.5,0.5,0.25,0,0,1,0.25,0,0,0,1,0,0,0,1,1,1,1,0.25,0,0,1,0.5,0,0,0,0.5,0,0,0,0.5,0.5,0.25,0.25,1,0,0.125,0.5,0.25,0,0,1,0.5,0,0,1,0.5,0.5,1,1,0.5,0,0.125,1,0.5,0.363636364,0.545454545
325->,1,1,0,0.25,1,0.5,0,0.25,0.25,0.5,0.5,0.125,0.5,0,0.125,0.25,1,1,0.125,0.5,1,0.5,0.125,0.25,0.25,0.5,0.5,0.25,0.5,0,0.25,0.25,1,1,0,0.25,1,1,0,0.5,0.5,0.25,0.25,0.125,1,0,0.5,0.5,1,1,0,0.5,1,0.5,0,0.25,0.25,0.25,0.25,0.25,0.5,0,0.25,0.25,0.363636364,0.5
326->,1,0.5,0.25,0.5,0.5,0,0.25,0.125,0.125,0.25,0.25,0.125,0,0,0.5,0,1,0.5,0.25,0.5,0.5,0,0.25,0.25,0.25,0.25,0.25,1,0,0.125,0.25,0,1,1,0.5,0.25,1,0,0.5,0.5,0.5,0.5,0.5,0,0,0,0.25,0,1,0.5,0.25,0.25,0.5,0,0.25,0.25,0.25,0.25,0.25,0.5,0,1,0.25,0,0.363636364,0.409090909
362->,0,0,0,0.25,0,0.125,0,0,0,0.125,0.125,0.5,0.125,0,0,0.25,0.125,0.125,0,0.25,0.125,0.125,0,0.125,0.125,0.25,0.25,0.5,0.125,0,0.125,0.25,0.125,0.125,0,0.25,0.125,0.125,0,0,0,0.25,0.25,0.25,0.125,0,0.125,0.25,0.125,0.125,0,0.25,0.125,0.125,0,0.125,0.125,0.25,0.25,0.25,0.125,0,0.125,0.5,0.363636364,0.454545455
363->,0,0.125,0,0.125,0.125,0,0,0,0,0.25,0.25,0.25,0,0,0.125,0.25,0.125,0.125,0.125,0.25,0.125,0,0.125,0.125,0.125,0.25,0.25,0.25,0,0,0.25,0.25,0.125,0.125,0,0.25,0.125,0,0,0.125,0.125,0.25,0.25,0.5,0,0.125,0.125,0.25,0.125,0.125,0.125,0.25,0.125,0,0.125,0.125,0.125,0.5,0.5,0.5,0,0.125,0.25,0.25,0.363636364,0.5
3->,0,0,0.25,0.5,0,0,0.25,0.5,0.5,0.25,0.25,0.5,0,0.125,1,0.5,0,0,0.5,1,0,0,0.5,1,1,0.5,0.5,0.25,0,0.125,1,0.25,0,0,0.25,0.5,0,0.125,0.25,0.5,0.5,0.25,0.25,0.25,0.125,0.125,1,0.25,0.125,0,1,1,0,0.125,1,1,1,0.25,0.25,0.25,0.125,0.125,1,0.25,0.409090909,0.5
4->,0,0,0.5,0.25,0,0.125,0.5,1,1,0.5,0.5,0.25,0.125,0,1,1,0,0,1,0.5,0,0.125,1,1,1,0.25,0.25,0.25,0.125,0,1,0.5,0,0.125,0.5,0.25,0.125,0.125,0.5,1,1,0.25,0.25,0.25,0.125,0,0.25,1,0,0.125,1,0.25,0.125,0.125,1,1,1,0.25,0.25,0.25,0.125,0,1,0.25,0.409090909,0.5
5->,0,0.125,1,0.5,0.125,0,1,1,1,1,1,0.5,0,0,0.25,0.25,0,0.125,1,0.25,0.125,0,1,1,1,0.5,0.5,0.5,0,0,0.5,0.25,0.125,0.125,1,0.25,0.125,0,1,0.25,0.25,1,1,0.5,0,0.125,0.125,0.25,0.125,0.125,1,0.25,0.125,0,1,1,1,0.25,0.25,0.5,0,0.125,0.25,0.25,0.409090909,0.5
6->,0.125,0,1,1,0,0,1,0.25,0.25,0.25,0.25,0.5,0,0,0.5,0.25,0.125,0,1,0.5,0,0,1,0.5,0.5,0.25,0.25,1,0,0,0.25,0.5,0.125,0,0.25,1,0,0.125,0.25,0.125,0.125,0.25,0.25,0.5,0.125,0,0.25,0.25,0.125,0,1,0.25,0,0.125,1,0.25,0.25,0.25,0.25,0.25,0.125,0,0.25,0.5,0.409090909,0.5
24->,0,0.25,0.25,0.25,0.25,0.25,0.25,0.25,0.25,0.25,0.25,0.25,0.25,0.25,0.5,0.25,0,0.5,0.5,0.25,0.5,0.25,0.5,0.5,0.5,0.5,0.5,0.25,0.25,0.5,1,0.25,0,0.25,0.5,0.25,0.25,0.25,0.5,0.5,0.5,0.25,0.25,0.25,0.25,0.25,0.5,0.25,0,1,0.5,0.25,1,0.25,0.5,1,1,0.25,0.25,0.25,0.25,1,1,0.25,0.409090909,0.318181818
25->,0.25,0.25,0.25,0.25,0.25,0.25,0.25,0.5,0.5,0.25,0.25,0.25,0.25,0.5,0.25,0.5,0.5,0.25,0.5,0.5,0.25,0.5,0.5,1,1,0.25,0.25,0.25,0.5,1,0.5,0.25,0.25,0.25,0.5,0.25,0.25,0.25,0.5,0.5,0.5,0.25,0.25,0.5,0.25,0.5,0.25,0.25,1,0.25,1,0.25,0.25,1,1,1,1,0.25,0.25,0.25,1,1,0.25,0.25,0.409090909,0.5
26->,0.25,0.25,0.5,0.25,0.25,0.5,0.5,0.25,0.25,0.5,0.5,0.125,0.5,1,0.5,0.25,0.25,0.5,1,0.25,0.5,1,1,0.5,0.5,0.25,0.25,0.125,1,1,0.25,0.25,0.25,0.25,0.5,0.25,0.25,0.5,0.5,0.25,0.25,0.25,0.25,0.125,0.5,1,0.25,0.25,0.25,1,1,0.25,1,1,1,0.25,0.25,0.25,0.25,0.125,1,1,0.25,0.25,0.409090909,0.5
27->,0.25,0.5,0.25,0.5,0.5,1,0.25,0.5,0.5,0.25,0.25,0.125,1,1,1,0.5,0.5,1,0.5,0.25,1,1,0.5,0.25,0.25,0.25,0.25,0.5,1,1,0.5,0.5,0.25,0.5,0.25,0.25,0.5,1,0.25,0.25,0.25,0.25,0.25,1,1,0.25,1,0.5,1,1,0.25,0.25,1,1,0.25,0.25,0.25,0.25,0.25,1,1,1,0.25,0.5,0.409090909,0.5
28->,0.5,1,0.5,0.25,1,1,0.5,1,1,0.5,0.5,1,1,0.25,0.25,0.5,1,1,0.25,0.25,1,1,0.25,0.5,0.5,0.5,0.5,1,1,0.5,0.25,1,0.5,1,0.25,0.25,1,0.25,0.25,1,1,0.5,0.5,0.5,0.25,0.125,0.25,0.5,1,1,0.25,0.25,1,1,0.25,0.25,0.25,0.5,0.5,1,1,0.25,0.25,0.25,0.409090909,0.5
29->,1,1,1,0.5,1,0.25,1,0.25,0.25,0.5,0.5,1,0.25,0.5,0.25,0.5,1,1,0.5,0.5,1,0.5,0.5,0.25,0.25,1,1,1,0.5,0.25,0.5,0.25,1,0.25,1,0.5,0.25,0.125,1,0.25,0.25,0.5,0.5,0.5,0.125,0.25,0.25,0.25,1,1,0.25,0.5,1,0.25,0.25,0.25,0.25,0.25,0.25,1,0.25,0.25,0.5,0.25,0.409090909,0.5
31->,0.25,0.5,0.25,0.5,0.5,0.25,0.25,0.25,0.25,0.25,0.25,1,0.25,0.25,0.5,0.25,0.5,0.25,0.5,0.25,0.25,0.25,0.5,0.5,0.5,0.5,0.5,0.5,0.25,0.25,0.5,1,0.125,0.25,0.25,0.25,0.25,0.25,0.25,0.25,0.25,0.25,0.25,0.5,0.25,0.25,0.125,0.5,0.25,0.25,0.5,0.25,0.25,0.25,0.5,0.125,0.125,0.5,0.5,0.5,0.25,0.25,0.25,1,0.454545455,0.5
32->,0.5,0.25,0.25,0.25,0.25,0.25,0.25,0.5,0.5,0.25,0.25,0.125,0.25,0,0.25,0.25,0.25,0.25,0.5,0.5,0.25,0.25,0.5,0.5,0.5,1,1,0,0.25,0,0.25,0.25,0.25,0.25,0.25,0.25,0.25,0.25,0.25,0.125,0.125,0.5,0.5,0.125,0.25,0,0.25,0.5,0.25,0.25,0.125,0.5,0.25,0.25,0.125,0.25,0.25,1,1,0,0.25,0.125,0.25,0.5,0.454545455,0.5
50->,0.5,0.25,0.5,0.125,0.25,0.5,0.5,0.25,0.25,0.125,0.125,0.125,0.5,1,0.5,1,1,0.5,0.25,0.125,0.5,0.25,0.25,0.25,0.25,0.5,0.5,0.25,0.25,0.5,0.5,1,0.5,0.25,0.25,0.125,0.25,0.25,0.25,0.25,0.25,1,1,0.25,0.25,1,0.5,0.5,1,0.25,0.25,0.125,0.25,0.25,0.25,0.25,0.25,1,1,0.25,0.25,0.25,0.5,1,0.454545455,0.454545455
52->,0.5,1,0.5,1,1,0.25,0.5,0.5,0.5,1,1,1,0.25,0.25,0.5,1,0.25,0.5,0.5,1,0.5,0.25,0.5,1,1,1,1,1,0.25,0.5,0.25,1,0.25,1,0.5,0.5,1,0.25,0.5,0.5,0.5,0.5,0.5,1,0.25,0.25,0.25,1,0.25,0.25,0.5,1,0.25,0.25,0.5,0.25,0.25,1,1,1,0.25,0.5,0.25,0.5,0.454545455,0.545454545
60->,0.25,0.125,0.125,0,0.125,0.25,0.125,0.25,0.25,0,0,0.125,0.25,0.25,0.25,0,0.25,0.125,0.125,0.125,0.125,0.125,0.125,0.125,0.125,0,0,0.125,0.125,0.125,0.125,0,0.25,0.25,0.125,0.125,0.25,0.25,0.125,0.125,0.125,0.125,0.125,0.125,0.25,0.125,0.25,0,0.25,0.25,0.125,0.125,0.25,0.25,0.125,0.25,0.25,0,0,0.125,0.25,0.25,0.25,0,0.454545455,0.5
70->,0.25,0.25,0.25,0.25,0.25,0.25,0.25,0.25,0.25,0.125,0.125,1,0.25,0.25,0.25,0.25,1,0.25,0.25,0.25,0.25,0.5,0.25,0.25,0.25,0.125,0.125,1,0.5,0.25,0.25,0.125,0.5,0.25,0.25,0.25,0.25,0.25,0.25,0.25,0.25,0.125,0.125,0.5,0.25,0.25,0.5,0.125,1,0.25,0.25,0.25,0.25,0.25,0.25,0.25,0.25,0.125,0.125,1,0.25,0.25,0.25,0.25,0.454545455,0.454545455
71->,0.25,0.25,0.25,0.125,0.25,0.25,0.25,0.25,0.25,0.25,0.25,1,0.25,0.5,0.125,0.125,0.25,0.5,0.25,0.125,0.5,0.25,0.25,0.25,0.25,0.125,0.125,1,0.25,0.25,0.125,0.125,0.25,0.25,0.25,0.125,0.25,0.25,0.25,0.5,0.5,0.125,0.125,0.5,0.25,0.25,0.125,0.125,0.25,0.25,0.25,0.125,0.25,0.25,0.25,0.25,0.25,0.25,0.25,0.5,0.25,0.25,0.125,0.25,0.454545455,0.5
74->,0.5,0.25,0.125,0.125,0.25,0.5,0.125,1,1,1,1,0.5,0.5,0.5,1,1,0.25,0.25,0.5,0.25,0.25,0.5,0.5,1,1,0.5,0.5,0.5,0.5,1,1,1,0.25,0.25,1,0.25,0.25,0.5,1,0.5,0.5,0.5,0.5,0.5,0.5,0.5,0.5,1,0.25,0.25,1,0.25,0.25,0.5,1,1,1,1,1,0.5,0.5,0.25,1,1,0.454545455,0.5
81->,0.25,0.125,0.125,0.125,0.125,0.5,0.125,0,0,0.125,0.125,0,0.5,0.125,0,0.125,0.25,0.125,0.125,0,0.125,0.25,0.125,0,0,0,0,0.125,0.25,0.125,0.125,0.125,0.5,0.125,0.125,0.125,0.125,0.5,0.125,0.125,0.125,0.125,0.125,0,0.5,0.125,0.125,0.125,0.5,0.125,0.125,0.125,0.125,0.5,0.125,0.125,0.125,0.125,0.125,0.125,0.5,0.125,0.125,0.125,0.454545455,0.5
82->,0.125,0.5,0,0.125,0.5,0.125,0,0,0,0.125,0.125,0.125,0.125,0.25,0,0.125,0.125,0.25,0,0,0.25,0.125,0,0.125,0.125,0.125,0.125,0.125,0.125,0.125,0,0.125,0.125,0.5,0.125,0.125,0.5,0.125,0.125,0.125,0.125,0.125,0.125,0.125,0.125,0.125,0.125,0.125,0.125,0.5,0.125,0.125,0.5,0.125,0.125,0.125,0.125,0.125,0.125,0.125,0.125,0.25,0,0.125,0.454545455,0.5
10->,0,0,0.25,0.5,0,0,0.25,0,0,0.25,0.25,0.25,0,0,0.5,0.25,0.25,0.25,0.25,0.5,0.25,0,0.25,0,0,0.25,0.25,0.25,0,0.25,1,0.25,0,0.125,0.25,0.125,0.125,0.125,0.25,0,0,0.25,0.25,0.5,0.125,0.25,0.25,0.25,0.25,0.25,0.25,0.25,0.25,0.125,0.25,0.125,0.125,0.25,0.25,0.5,0.125,0.125,0.5,0.25,0.5,0.5
11->,0,0,0,0.25,0,0,0,0.5,0.5,0.25,0.25,0.125,0,0.25,0.25,0.25,0.25,0,0,0.25,0,0.25,0,1,1,0.25,0.25,0.125,0.25,0.5,0.25,0.25,0.125,0.125,0,0.25,0.125,0.25,0,0.25,0.25,0.25,0.25,0.125,0.25,0.25,0.25,0.25,0.25,0.125,0.125,0.25,0.125,0.125,0.125,0.5,0.5,0.25,0.25,0.125,0.125,0.25,0.125,0.25,0.5,0.5
33->,0.25,0.25,0.5,0.25,0.25,0,0.5,0.25,0.25,0.25,0.25,0.5,0,0.5,0.25,0.125,0.25,0.25,0.5,1,0.25,0,0.5,0.25,0.25,0.25,0.25,0.5,0,1,0.25,0.125,0.25,0.25,0.125,0.5,0.25,0,0.125,0.25,0.25,0.5,0.5,0.5,0,0.25,0.25,0.125,0.25,0.25,0.25,1,0.25,0.125,0.25,0.25,0.25,0.5,0.5,0.5,0.125,0.5,0.25,0.125,0.5,0.5
34->,0.25,0,0.25,0.25,0,0.5,0.25,0.25,0.25,0.125,0.125,0.125,0.5,0.25,0.25,0.5,0.25,0,0.25,0.25,0,1,0.25,0.25,0.25,0.125,0.125,0.125,1,0.25,0.25,0.25,0.25,0,0.25,0.5,0,0.25,0.25,0.25,0.25,0.125,0.125,0.125,0.25,0.25,0.25,0.5,0.25,0.125,0.25,0.5,0.125,0.5,0.25,0.25,0.25,0.125,0.125,0.125,0.5,0.125,0.25,0.5,0.5,0.5
35->,0,0.5,0.25,0.125,0.5,0.25,0.25,0.25,0.25,0.5,0.5,0,0.25,0,0.125,0.125,0,1,0.25,0.125,1,0.25,0.25,0.25,0.25,0.25,0.25,0,0.25,0,0.125,0.125,0,0.25,0.25,0.125,0.25,0.25,0.25,0.25,0.25,0.5,0.5,0.125,0.25,0,0.25,0.125,0.125,0.5,0.25,0.125,0.5,0.125,0.25,0.25,0.25,0.5,0.5,0.125,0.125,0.125,0.25,0.125,0.5,0.5
36->,0.5,0.25,0.25,0.5,0.25,0,0.25,0.125,0.125,0.125,0.125,0,0,0,0.25,0.25,1,0.25,0.25,0.25,0.25,0,0.25,0.125,0.125,0.125,0.125,0.125,0,0,0.125,0.125,0.25,0.25,0.25,0.5,0.25,0,0.25,0.25,0.25,0.125,0.125,0.125,0,0,0.25,0.125,0.5,0.125,0.25,0.5,0.125,0.125,0.25,0.25,0.25,0.125,0.125,0.125,0.125,0,0.25,0.25,0.5,0.5
58->,0.25,0.25,0.125,0.125,0.25,0.25,0.125,0.5,0.5,0,0,0.125,0.25,0.125,0.125,0,0.25,0.25,0.125,0.125,0.25,0.25,0.125,0.25,0.25,0,0,0,0.25,0.125,0.125,0.125,0.25,0.25,0.125,0.125,0.25,0.25,0.125,0.5,0.5,0.125,0.125,0.125,0.25,0.25,0.125,0.125,0.25,0.25,0.125,0.125,0.25,0.25,0.125,0.5,0.5,0.125,0.125,0.125,0.25,0.25,0.125,0.125,0.5,0.5
59->,0.25,0.25,0.5,0,0.25,0.125,0.5,0.125,0.125,0,0,0.125,0.125,0.25,0.25,0,0.25,0.25,0.25,0,0.25,0.125,0.25,0.125,0.125,0.125,0.125,0.125,0.125,0.125,0.125,0,0.25,0.25,0.5,0.125,0.25,0.25,0.5,0.125,0.125,0.125,0.125,0.125,0.25,0.25,0.125,0.125,0.25,0.25,0.5,0.125,0.25,0.25,0.5,0.125,0.125,0.125,0.125,0.125,0.25,0.25,0.25,0,0.5,0.5
72->,0.25,0.25,0.25,0.25,0.25,0.5,0.25,0.125,0.125,0.125,0.125,0.5,0.5,0.25,0.125,0.125,0.5,0.25,0.25,0.125,0.25,0.25,0.25,0.125,0.125,0.125,0.125,0.5,0.25,0.25,0.5,0.25,0.25,0.25,0.5,0.125,0.25,0.25,0.5,0.125,0.125,0.125,0.125,0.5,0.25,0.25,1,0.25,0.25,0.25,0.25,0.25,0.25,0.25,0.25,0.125,0.125,0.25,0.25,0.5,0.25,0.25,1,0.25,0.5,0.5
75->,0.25,0.5,1,1,0.5,0.5,1,1,1,1,1,0.125,0.5,0.5,1,1,0.25,0.5,1,0.5,0.5,1,1,1,1,1,1,0.125,1,0.25,1,1,0.25,0.5,0.5,0.5,0.5,0.5,0.5,0.5,0.5,1,1,0.125,0.5,0.25,1,0.5,0.25,0.5,1,1,0.5,0.25,1,1,1,1,1,0.125,0.25,0.25,0.5,0.5,0.5,0.5
12->,0,0,0.5,0.25,0,0.25,0.5,0.25,0.25,0.25,0.25,0.5,0.25,0.25,0,0.125,0,0.25,1,0.25,0.25,0.5,1,0.25,0.25,0.25,0.25,0.25,0.5,0.25,0,0.125,0.125,0.25,0.25,0.25,0.25,0.25,0.25,0.25,0.25,0.25,0.25,0.5,0.25,0.5,0,0.25,0.125,0.125,0.5,0.25,0.125,0.25,0.5,0.125,0.125,0.25,0.25,0.5,0.25,0.25,0.125,0.25,0.545454545,0.363636364
68->,0.125,0.125,0.25,0.125,0.125,0.125,0.25,0.5,0.5,0,0,0,0.125,0.25,0.25,0,0.125,0.125,0.25,0.125,0.125,0.125,0.25,0.25,0.25,0,0,0,0.125,0.125,0.5,0.125,0.125,0.125,0.25,0.125,0.125,0.125,0.25,0.5,0.5,0,0,0.125,0.125,0.125,0.125,0,0.125,0.125,0.25,0.125,0.125,0.125,0.25,0.25,0.25,0.125,0.125,0,0.125,0.125,0.25,0.125,0.545454545,0.5
73->,0.25,0.5,0.125,0.125,0.5,0.25,0.125,0.125,0.125,0.125,0.125,0.5,0.25,0.5,1,1,0.25,0.25,0.125,0.125,0.25,0.25,0.125,0.5,0.5,0.25,0.25,1,0.25,0.5,1,0.5,0.25,0.25,0.125,0.125,0.25,0.25,0.125,1,1,0.25,0.25,0.5,0.25,0.5,0.5,0.5,0.25,0.25,0.125,0.25,0.25,0.25,0.125,1,1,0.25,0.25,0.5,0.25,0.5,1,1,0.545454545,0.5
105->,0.125,0,0.125,0,0,0,0.125,0.125,0.125,0.125,0.125,0,0,0,0.125,0,0.125,0,0,0.125,0,0.125,0,0.125,0.125,0.125,0.125,0,0.125,0,0.125,0.125,0.125,0.125,0.125,0,0.125,0.125,0.125,0.125,0.125,0.125,0.125,0.125,0.125,0.125,0.125,0.125,0.125,0.125,0.125,0.125,0.125,0.125,0.125,0.125,0.125,0.125,0.125,0.125,0.125,0,0.125,0.125,0.545454545,0.5
141->,1,1,0.125,0,1,0.5,0.125,0.125,0.125,0,0,0,0.5,0.5,0,0,1,1,0.125,0,1,0.5,0.125,0.125,0.125,0,0,0,0.5,1,0,0,0.5,0.5,0.125,0,0.5,0.5,0.125,0.125,0.125,0.125,0.125,0.125,0.5,0.5,0,0,1,0.5,0,0,0.5,0.5,0,0.125,0.125,0.125,0.125,0,0.5,0.5,0.125,0.125,0.545454545,0.5
162->,0.25,0.25,0.125,0,0.25,0.125,0.125,0,0,0.125,0.125,0,0.125,0.125,0,0,0.125,0.125,0.125,0,0.125,0,0.125,0.125,0.125,0,0,0,0,0.125,0,0,0.125,0.125,0.125,0,0.125,0,0.125,0,0,0.125,0.125,0.125,0,0.125,0,0,0.125,0.125,0.125,0.125,0.125,0.125,0.125,0.125,0.125,0.125,0.125,0.125,0.125,0,0,0,0.545454545,0.5
163->,0.25,0.125,0,0.125,0.125,0.125,0,0,0,0,0,0,0.125,0.125,0,0,0.125,0,0.125,0,0,0.125,0.125,0,0,0,0,0,0.125,0.125,0,0,0.125,0,0,0.125,0,0.125,0,0,0,0,0,0.125,0.125,0.125,0.125,0.125,0.125,0.125,0.125,0.125,0.125,0,0.125,0,0,0,0,0.125,0,0.125,0.125,0,0.545454545,0.5
164->,0.125,0.125,0,0,0.125,0.125,0,0,0,0,0,0.125,0.125,0,0,0,0,0.125,0,0,0.125,0.125,0,0,0,0,0,0,0.125,0,0,0,0,0.125,0,0,0.125,0.125,0,0.125,0.125,0.125,0.125,0.125,0.125,0,0,0,0.125,0,0,0,0,0.125,0,0.125,0.125,0,0,0.125,0.125,0.125,0.125,0.125,0.545454545,0.5
165->,0.125,0.125,0,0,0.125,0,0,0,0,0,0,0,0,0,0,0,0.125,0.125,0,0,0.125,0,0,0,0,0,0,0,0,0,0,0,0.125,0.125,0.125,0.125,0.125,0,0.125,0,0,0,0,0,0,0.125,0,0,0,0.125,0.125,0,0.125,0.125,0.125,0.125,0.125,0.125,0.125,0,0.125,0,0,0,0.545454545,0.5
166->,0.125,0,0,0,0,0,0,0,0,0,0,0,0,0,0,0,0.125,0,0,0,0,0,0,0,0,0,0,0.125,0,0,0,0,0.125,0,0,0,0,0.125,0,0,0,0,0,0,0.125,0,0,0,0.125,0.125,0.125,0.125,0.125,0,0.125,0,0,0,0,0.125,0,0,0,0,0.545454545,0.5
96->,0.25,0.125,0.125,0.5,0.125,0.125,0.125,0.125,0.125,0.5,0.5,0,0.125,1,1,0.5,0.25,0.125,0.125,0.5,0.125,0.5,0.125,0.25,0.25,1,1,0,0.5,1,0.5,0.5,0.5,0.125,0.125,0.5,0.125,1,0.125,0.25,0.25,0.5,0.5,0,1,0.5,0.5,0.5,0.25,0.125,0.25,0.5,0.125,1,0.25,0.25,0.25,0.5,0.5,0.125,1,1,1,0.5,0.590909091,0.5
97->,0.125,0.125,0.125,0.5,0.125,1,0.125,1,1,0.5,0.5,0,1,1,1,0.125,0.125,0.5,0.25,1,0.5,1,0.25,0.5,0.5,0.5,0.5,0,1,1,1,0.125,0.125,1,0.25,0.5,1,0.5,0.25,0.5,0.5,0.5,0.5,0.125,0.5,0.5,1,0.125,0.125,1,0.25,0.5,1,1,0.25,1,1,0.5,0.5,0,1,1,1,0.125,0.590909091,0.5
186->,0.125,0,0.125,0,0,0,0.125,0,0,0,0,0,0,0,0,0.125,0.125,0.125,0,0,0.125,0,0,0,0,0,0,0,0,0,0,0,0.125,0,0.125,0.125,0,0,0.125,0,0,0.125,0.125,0.125,0,0.125,0.125,0.125,0.125,0.125,0.125,0.125,0.125,0,0.125,0,0,0.125,0.125,0.125,0,0.125,0,0.125,0.590909091,0.5
243->,0,0,0,0,0,0,0,0,0,0,0,1,0,0,0.125,0,0,0,0,0,0,0,0,0,0,0,0,1,0,0,0.125,0.125,0.125,0,0,0,0,0.125,0,0.125,0.125,0.125,0.125,0.5,0.125,0,0.125,0.125,0.125,0,0,0,0,0.125,0,0.125,0.125,0.125,0.125,1,0.125,0.125,0.125,0.125,0.590909091,0.5
282->,0,0,0.125,0,0,0.125,0.125,0,0,0.125,0.125,0.25,0.125,0,0,0.5,0,0,0,0.125,0,0.125,0,0,0,0.25,0.25,0.5,0.125,0,0,0.5,0,0,0,0,0,0.125,0,0,0,0.125,0.125,0.25,0.125,0,0,0.5,0,0.125,0,1,0.125,0.125,0,0,0,0.25,0.25,0.25,0.125,0,0,0.25,0.590909091,0.5
392->,0,0,0,0,0,0,0,0,0,1,1,0.5,0,1,0.25,0.25,0,0,0,0,0,0,0,0,0,0.5,0.5,0.5,0,0.5,0.125,0.25,0.125,0,0,0,0,0,0,0,0,0.125,0.125,0.5,0,1,0.25,0.5,0,0,0,0,0,0,0,0,0,0.5,0.5,0.5,0,0.5,0.125,0.5,0.590909091,0.5
435->,0.25,0.125,0.125,0.125,0.125,0,0.125,0,0,0.125,0.125,0,0,0,0,0,0.25,0,0.125,0,0,0,0.125,0,0,0,0,0,0,0,0.125,0,0.25,0.25,0.125,0.125,0.25,0.125,0.125,0.125,0.125,0.125,0.125,0.125,0.125,0.125,0.125,0.125,0.5,0.125,0.125,0.125,0.125,0.125,0.125,0.125,0.125,0.125,0.125,0.125,0.125,0.125,0.125,0.125,0.590909091,0.5
458->,0.125,0.125,0.125,0.125,0.125,0,0.125,0.125,0.125,0,0,0,0,0,0,0,0.125,0.125,0,0.125,0.125,0,0,0,0,0,0,0,0,0.125,0,0,0.125,0.125,0.125,0.125,0.125,0.125,0.125,0.125,0.125,0.125,0.125,0.125,0.125,0.125,0.125,0.125,0.125,0.125,0.125,0.125,0.125,0.125,0.125,0.125,0.125,0.125,0.125,0.125,0.125,0.125,0.125,0.125,0.590909091,0.5
459->,0.125,0,0.125,0,0,0,0.125,0,0,0,0,0.125,0,0.125,0,0.125,0.125,0,0,0,0,0.125,0,0,0,0,0,0,0.125,0.125,0,0.125,0.125,0.125,0.125,0.125,0.125,0.125,0.125,0.125,0.125,0.125,0.125,0.125,0.125,0.125,0.125,0.125,0.125,0.125,0.125,0.125,0.125,0.125,0.125,0.125,0.125,0.125,0.125,0.125,0.125,0.125,0.125,0.125,0.590909091,0.5
460->,0,0,0,0,0,0.125,0,0,0,0.125,0.125,0.125,0.125,0,0,0.125,0,0.125,0,0,0.125,0.125,0,0,0,0.125,0.125,0,0.125,0,0,0.125,0.125,0.125,0.125,0.125,0.125,0.125,0.125,0.125,0.125,0.125,0.125,0.125,0.125,0,0,0.125,0.125,0.125,0.125,0.125,0.125,0.125,0.125,0.125,0.125,0.125,0.125,0.125,0.125,0,0,0.125,0.590909091,0.5
17->,0,0,0.125,0.125,0,0.125,0.125,0.125,0.125,0.125,0.125,0.25,0.125,0.125,0.125,0.125,0,0,0.125,0.25,0,0.125,0.125,0.125,0.125,0.125,0.125,0.25,0.125,0.125,0.125,0.125,0,0,0.125,0.125,0,0.125,0.125,0.125,0.125,0.125,0.125,0.125,0.125,0.125,0.25,0.125,0,0,0.125,0.125,0,0.125,0.125,0.125,0.125,0.125,0.125,0.25,0.125,0.125,0.125,0.25,0.636363636,0.454545455
18->,0,0.125,0.125,0.125,0.125,0.125,0.125,0.125,0.125,0.125,0.125,0.125,0.125,0.125,0,0.125,0,0.125,0.125,0.125,0.125,0.125,0.125,0.125,0.125,0.125,0.125,0.25,0.125,0,0,0.25,0,0.125,0.125,0.125,0.125,0.125,0.125,0.25,0.25,0.125,0.125,0.25,0.125,0.125,0,0.125,0,0.125,0.125,0.125,0.125,0.125,0.125,0.125,0.125,0.25,0.25,0.125,0.125,0,0,0.125,0.636363636,0.409090909
19->,0.125,0.125,0.125,0.125,0.125,0.125,0.125,0,0,0.125,0.125,0.125,0.125,0,0.125,0.125,0.125,0.125,0.125,0.125,0.125,0,0.125,0,0,0.25,0.25,0.125,0,0.125,0,0.125,0.125,0.125,0.25,0.125,0.125,0.125,0.25,0,0,0.125,0.125,0.125,0.125,0,0.125,0.125,0.125,0.125,0.125,0.25,0.125,0,0.125,0,0,0.125,0.125,0.125,0,0.125,0.125,0.125,0.636363636,0.454545455
39->,0,0,0.25,0.25,0,0.125,0.25,0.125,0.125,0.25,0.25,0.125,0.125,0.125,0.125,0.25,0,0,0.125,0.125,0,0.125,0.125,0.25,0.25,0.25,0.25,0.125,0.125,0.125,0.125,0.25,0,0.125,0.125,0.25,0.125,0.125,0.125,0.125,0.125,0.25,0.25,0.125,0.125,0.125,0.125,0.125,0,0,0.25,0.25,0,0.125,0.25,0.125,0.125,0.25,0.25,0.125,0.125,0.125,0.125,0.25,0.636363636,0.454545455
69->,0.125,0.125,0.5,0,0.125,0.25,0.5,0.25,0.25,0,0,0,0.25,0.25,0.25,0,0.125,0.125,0.25,0,0.125,0.125,0.25,0.5,0.5,0.125,0.125,0,0.125,0.25,0.125,0,0.125,0.125,0.5,0,0.125,0.125,0.5,0.125,0.125,0,0,0.125,0.125,0.125,0.125,0,0.125,0.125,0.25,0.125,0.125,0.125,0.25,0.25,0.25,0.125,0.125,0.125,0.125,0.125,0.125,0,0.636363636,0.5
90->,0.125,0.25,0,0,0.25,0.25,0,0.125,0.125,0,0,0,0.25,0.5,0,0,0.125,0.25,0.125,0.125,0.25,0.25,0.125,0.125,0.125,0,0,0,0.25,0.25,0,0,0.125,0.25,0.125,0.125,0.25,0.25,0.125,0.125,0.125,0,0,0,0.25,0.5,0,0.125,0.125,0.25,0.25,0.125,0.25,0.25,0.25,0.125,0.125,0,0,0,0.25,0.25,0.125,0,0.636363636,0.5
91->,0.25,0.25,0.125,0,0.25,0.5,0.125,0,0,0,0,0.125,0.5,0.25,0,0,0.25,0.25,0.125,0,0.25,0.25,0.125,0,0,0,0,0.125,0.25,0.5,0.125,0,0.25,0.25,0.125,0,0.25,0.5,0.125,0,0,0.125,0.125,0.125,0.5,0.125,0,0.125,0.25,0.25,0.125,0,0.25,0.25,0.125,0.125,0.125,0,0,0.125,0.25,0.25,0.125,0.125,0.636363636,0.5
92->,0.25,0.5,0,0,0.5,0.25,0,0,0,0,0,0,0.25,0.25,0,0,0.25,0.25,0,0,0.25,0.5,0,0.125,0.125,0,0,0,0.5,0.125,0,0,0.25,0.5,0,0.125,0.5,0.125,0,0,0,0.125,0.125,0.125,0.125,0.125,0,0.125,0.25,0.25,0.125,0,0.25,0.25,0.125,0.125,0.125,0.125,0.125,0.125,0.25,0.125,0,0.125,0.636363636,0.5
523->,0,0,0.125,0.125,0,0.125,0.125,0.125,0.125,0,0,0.25,0.125,0.125,0.125,0.25,0,0,0,0,0,0.125,0,0,0,0,0,0.125,0.125,0.125,0.125,0.25,0,0.125,0.125,0,0.125,0.125,0.125,0.125,0.125,0.125,0.125,0.125,0.125,1,0.125,0.25,0,0.125,0.125,0.125,0.125,0.125,0.125,0.125,0.125,0.125,0.125,0.125,0.125,0.25,0.125,0.25,0.636363636,0.5
685->,0,0.125,0.125,0.25,0.125,0,0.125,0.125,0.125,0.125,0.125,0.25,0,0.125,0,0.25,0,0.125,0.125,0.125,0.125,0.125,0.125,0.125,0.125,0.125,0.125,0.125,0.125,0.125,0,0.125,0,0.125,0.125,0.125,0.125,0.125,0.125,0.125,0.125,0.125,0.125,0.25,0.125,0.125,0,0.125,0,0.125,0.125,0.125,0.125,0.125,0.125,0.25,0.25,0.125,0.125,0.25,0.125,0.125,0,0.125,0.636363636,0.409090909
13->,0,0.25,0.25,0.25,0.25,0.25,0.25,0,0,0.125,0.125,0.125,0.25,0,0,0.25,0.25,0.5,0.25,0.25,0.5,0.25,0.25,0,0,0.125,0.125,0.125,0.25,0.125,0,0.125,0.25,0.25,0.25,0.25,0.25,0.5,0.25,0,0,0.25,0.25,0.125,0.5,0,0,0.25,0.125,0.25,0.125,0.25,0.25,0.25,0.125,0.125,0.125,0.25,0.25,0.125,0.25,0.125,0,0.25,0.681818182,0.5
14->,0.25,0.25,0,0.125,0.25,0,0,0,0,0.25,0.25,0.25,0,0,0,0.25,0.5,0.25,0,0.125,0.25,0.125,0,0,0,0.125,0.125,0.125,0.125,0,0,0.125,0.25,0.5,0,0.25,0.5,0,0,0,0,0.25,0.25,0.125,0,0,0.125,0.125,0.25,0.25,0.125,0.25,0.25,0.125,0.125,0,0,0.25,0.25,0.25,0.125,0,0,0.25,0.681818182,0.5
15->,0.25,0,0,0.25,0,0,0,0,0,0.25,0.25,0.25,0,0,0.125,0.125,0.25,0.125,0,0.125,0.125,0,0,0,0,0.125,0.125,0.125,0,0,0.125,0.25,0.5,0,0,0.25,0,0,0,0.125,0.125,0.125,0.125,0.25,0,0,0.125,0.125,0.25,0.125,0,0.25,0.125,0,0,0,0,0.25,0.25,0.25,0,0,0.125,0.125,0.681818182,0.454545455
16->,0,0,0,0.25,0,0,0,0.125,0.125,0.125,0.125,0.25,0,0.125,0.125,0.125,0.125,0,0,0.125,0,0,0,0.125,0.125,0.25,0.25,0.25,0,0.125,0.125,0.125,0,0,0.125,0.125,0,0,0.125,0.125,0.125,0.125,0.125,0.25,0,0.125,0.125,0.125,0.125,0,0,0.25,0,0,0,0.125,0.125,0.125,0.125,0.25,0,0.125,0.125,0.125,0.681818182,0.454545455
21->,0.125,0,0.125,0.125,0,0.125,0.125,0.125,0.125,0.125,0.125,0.25,0.125,0.125,0.125,0.125,0,0.125,0,0.125,0.125,0.125,0,0.125,0.125,0.125,0.125,0.25,0.125,0,0.125,0.125,0.125,0,0.125,0.125,0,0.125,0.125,0.25,0.25,0.125,0.125,0.25,0.125,0.25,0.125,0.125,0,0.125,0.125,0.125,0.125,0.25,0.125,0.25,0.25,0.125,0.125,0.25,0.25,0.125,0.125,0.125,0.681818182,0.454545455
23->,0.125,0.125,0.125,0.125,0.125,0,0.125,0.125,0.125,0.25,0.25,0.25,0,0,0.25,0.25,0.125,0,0.125,0.125,0,0.125,0.125,0.25,0.25,0.125,0.125,0.5,0.125,0.125,0.25,0.25,0.125,0.25,0.125,0.125,0.25,0,0.125,0.25,0.25,0.125,0.125,0.125,0,0.125,0.125,0.125,0.25,0.125,0.125,0.125,0.125,0.125,0.125,0.25,0.25,0.125,0.125,0.25,0.125,0.125,0.125,0.125,0.681818182,0.454545455
37->,0.25,0,0.125,0.125,0,0,0.125,0.25,0.25,0.25,0.25,0,0,0,0.25,0.25,0.25,0,0.125,0.125,0,0,0.125,0.125,0.125,0.125,0.125,0,0,0,0.125,0.125,0.25,0,0.25,0.125,0,0,0.25,0.25,0.25,0.125,0.125,0.125,0,0.125,0.125,0.25,0.125,0.125,0.25,0.125,0.125,0,0.25,0.25,0.25,0.25,0.25,0,0,0,0.25,0.25,0.681818182,0.5
38->,0,0,0.25,0.25,0,0,0.25,0.25,0.25,0.25,0.25,0,0,0.125,0.125,0.25,0,0,0.125,0.125,0,0,0.125,0.125,0.125,0.125,0.125,0,0,0.125,0.25,0.25,0,0,0.25,0.125,0,0.125,0.25,0.125,0.125,0.25,0.25,0,0.125,0.125,0.125,0.25,0.125,0,0.25,0.25,0,0,0.25,0.25,0.25,0.25,0.25,0,0,0.125,0.125,0.25,0.681818182,0.454545455
40->,0,0.125,0.125,0.25,0.125,0.125,0.125,0.125,0.125,0.25,0.25,0.125,0.125,0.125,0.125,0.125,0,0.125,0.25,0.25,0.125,0.125,0.25,0.125,0.125,0.25,0.25,0,0.125,0.125,0.125,0.25,0.125,0.125,0.125,0.25,0.125,0.125,0.125,0.125,0.125,0.125,0.125,0.125,0.125,0.25,0.125,0.25,0,0.125,0.125,0.25,0.125,0.125,0.125,0.125,0.125,0.25,0.25,0.125,0.125,0.125,0.25,0.125,0.681818182,0.454545455
41->,0.125,0.125,0.125,0.25,0.125,0.125,0.125,0.125,0.125,0.125,0.125,0.125,0.125,0,0.125,0.125,0.125,0.125,0.125,0.25,0.125,0.125,0.125,0.125,0.125,0.25,0.25,0.125,0.125,0,0.25,0.125,0.125,0.125,0.125,0.125,0.125,0.25,0.125,0.125,0.125,0.25,0.25,0.125,0.25,0,0.125,0.125,0.125,0.125,0.125,0.25,0.125,0.125,0.125,0.25,0.25,0.125,0.125,0.25,0.125,0,0.125,0.125,0.681818182,0.409090909
20->,0.125,0.125,0,0.125,0.125,0,0,0.125,0.125,0.125,0.125,0.25,0,0.125,0.125,0.125,0.125,0,0,0.25,0,0.125,0,0,0,0.125,0.125,0.25,0.125,0.125,0.125,0.125,0.125,0.125,0,0.125,0.125,0,0,0.125,0.125,0.125,0.125,0.25,0,0.125,0.25,0.125,0.125,0,0,0.125,0,0.125,0,0.125,0.125,0.125,0.125,0.25,0.125,0.25,0.25,0.125,0.727272727,0.454545455
22->,0,0.125,0.125,0.125,0.125,0.125,0.125,0.125,0.125,0.125,0.125,0.5,0.125,0,0.125,0.25,0.125,0.125,0.125,0.125,0.125,0,0.125,0.125,0.125,0.125,0.125,0.25,0,0.125,0.25,0.125,0,0.125,0.25,0.125,0.125,0.25,0.25,0.125,0.125,0.125,0.125,0.5,0.25,0,0.25,0.125,0.125,0.25,0.25,0.125,0.25,0.125,0.25,0.125,0.125,0.125,0.125,0.25,0.125,0.125,0.25,0.125,0.727272727,0.454545455
134->,0,0,0,0,0,0.125,0,0.125,0.125,0,0,0,0.125,0,0.125,0,0,0,0,0,0,0,0,0,0,0,0,0,0,0.125,0.125,0,0.125,0,0,0,0,0.125,0,0,0,0,0,0,0.125,0.125,0.125,0.125,0.125,0,0,0,0,0.125,0,0,0,0,0,0,0.125,0.125,0.125,0.125,0.727272727,0.5
557->,0.125,0.25,0,0.125,0.25,0.5,0,0.5,0.5,0.125,0.125,0.125,0.5,0.25,0.25,0.25,0.125,0.125,0,0.125,0.125,0.25,0,0.5,0.5,0.125,0.125,0.125,0.25,0.25,0.5,0.25,0.25,0.25,0,0.25,0.25,0.5,0,0.5,0.5,0.25,0.25,0.25,0.5,0.25,0.5,0.25,0.5,0.125,0,0.125,0.125,0.5,0,1,1,0.25,0.25,0.5,0.5,0.25,0.5,0.25,0.727272727,0.5
686->,0.125,0,0.125,0.125,0,0.125,0.125,0,0,0.25,0.25,0.25,0.125,0,0.125,0.125,0.125,0.125,0.125,0.125,0.125,0.125,0.125,0,0,0.125,0.125,0.125,0.125,0,0.125,0.125,0.125,0.125,0.125,0.125,0.125,0.125,0.125,0,0,0.125,0.125,0.25,0.125,0.125,0.125,0.125,0.125,0.125,0.25,0.125,0.125,0.125,0.25,0,0,0.125,0.125,0.125,0.125,0,0.125,0.125,0.727272727,0.5
690->,0.125,0.125,0.125,0.25,0.125,0.125,0.125,0.25,0.25,0.25,0.25,0.125,0.125,0,0.5,0.25,0.125,0.125,0.125,0.125,0.125,0,0.125,0.125,0.125,0.25,0.25,0.25,0,0,0.25,0.25,0.125,0.125,0.125,0.25,0.125,0.125,0.125,0.25,0.25,0.125,0.125,0.125,0.125,0.125,0.125,0.125,0.125,0.25,0.125,0.125,0.25,0,0.125,0.25,0.25,0.125,0.125,0.125,0,0.125,0.125,0.125,0.727272727,0.454545455
2690->,0.125,0.125,0.125,0.25,0.125,0.125,0.125,0.125,0.125,0.125,0.125,0.125,0.125,0.25,0.125,0.25,0.125,0.125,0.125,0.125,0.125,0.125,0.125,0.125,0.125,0.25,0.25,0.125,0.125,0.25,0.125,0.25,0.125,0.25,0.125,0.25,0.25,0,0.125,0.125,0.125,0.25,0.25,0.125,0,0.125,0.125,0.25,0.125,0.125,0.125,0.125,0.125,0.125,0.125,0.125,0.125,0.125,0.125,0.125,0.125,0.25,0.125,0.25,0.727272727,0.454545455
2691->,0.125,0.125,0.125,0.125,0.125,0.25,0.125,0.125,0.125,0.25,0.25,0.125,0.25,0.25,0.125,0.25,0.125,0.125,0.125,0.25,0.125,0.25,0.125,0.125,0.125,0.25,0.25,0.125,0.25,1,0.125,0.25,0.25,0,0.125,0.25,0,0.125,0.125,0.125,0.125,0.25,0.25,0.125,0.125,0.125,0.125,0.125,0.125,0.125,0.125,0.125,0.125,0.25,0.125,0.125,0.125,0.25,0.25,0.125,0.25,0.125,0.125,0.125,0.727272727,0.454545455
2712->,0.125,0.125,0.125,0.25,0.125,0.125,0.125,0.25,0.25,0,0,0.125,0.125,0.125,0.125,0.125,0.125,0.125,0.125,0.25,0.125,0.125,0.125,0.125,0.125,0.125,0.125,0.125,0.125,0.125,0.25,0.125,0.25,0.125,0.25,0.25,0.125,0.125,0.25,0.25,0.25,0.125,0.125,0.125,0.125,0.125,0.25,0.125,0.125,0.125,0.125,0.25,0.125,0.125,0.125,0.125,0.125,0.125,0.125,0.125,0.125,0.125,0.125,0.125,0.727272727,0.409090909
3029->,0.25,0.125,0.125,0.125,0.125,0.125,0.125,0,0,0.125,0.125,0.25,0.125,0.125,0.125,1,0.125,0.125,0.125,0.125,0.125,0.125,0.125,0,0,0.125,0.125,0.25,0.125,0.125,0.125,0.25,0.125,0.125,0.125,0.125,0.125,0.125,0.125,0.125,0.125,0.125,0.125,0.125,0.125,0.125,0.125,0.25,0.25,0.125,0.125,0.125,0.125,0.125,0.125,0.125,0.125,0.25,0.25,0.25,0.125,0.125,0.125,0.125,0.727272727,0.5
169->,0,0.125,0,0,0.125,0,0,0,0,0,0,0,0,0,0.125,0,0,0,0,0,0,0,0,0,0,0,0,0,0,0,0.125,0,0,0.125,0,0,0.125,0,0,0,0,0,0,0,0,0.125,0.125,0,0,0,0,0,0,0,0,0,0,0,0,0,0,0.125,0.125,0,0.772727273,0.5
194->,0,0.125,0,0.125,0.125,0,0,0,0,0,0,0,0,0,0,0,0,0.125,0,0,0.125,0,0,0,0,0,0,0,0,0,0,0,0,0.125,0,0,0.125,0,0,0.125,0.125,0.125,0.125,0.125,0,0,0.125,0.125,0,0.125,0,0,0.125,0,0,0,0,0.125,0.125,0.125,0,0,0,0.125,0.772727273,0.772727273
2369->,0,0.125,0,0,0.125,0,0,0,0,0,0,0,0,0,0,0,0,0.125,0,0,0.125,0,0,0,0,0,0,0,0,0,0,0,0,0.125,0,0.125,0.125,0.125,0,0.125,0.125,0,0,0.125,0.125,0,0.125,0,0.125,0.125,0.125,0.125,0.125,0.125,0.125,0.125,0.125,0,0,0.125,0.125,0,0,0,0.772727273,0.454545455
3012->,0.125,0,0,0,0,0,0,0.125,0.125,0,0,0,0,0,0,0,0,0,0,0,0,0,0,0.125,0.125,0,0,0,0,0,0,0,0.125,0.125,0,0,0.125,0,0,0.125,0.125,0,0,0.125,0,0.125,0.125,0.125,0.125,0.125,0,0.125,0.125,0.125,0,0.125,0.125,0,0,0.125,0.125,0.125,0.125,0.125,0.772727273,0.454545455
4562->,0,0.25,0.25,0.25,0.25,0.25,0.25,0.25,0.25,0.25,0.25,0.25,0.25,0.5,0.25,0.25,0.125,0.25,0.5,0.25,0.25,0.25,0.5,0.125,0.125,0.5,0.5,0.5,0.25,0.125,0.25,0.25,0.125,0.25,0.25,0.25,0.25,0.25,0.25,0.25,0.25,0.25,0.25,0.5,0.25,0.125,0.25,0.25,0.125,0.25,0.25,0.25,0.25,0.25,0.25,0.125,0.125,0.25,0.25,0.5,0.25,0.125,0.25,0.25,0.772727273,0.318181818
4691->,0,0.125,0.25,0.125,0.125,0,0.25,0.125,0.125,0.125,0.125,0.125,0,0.125,0.125,0,0.125,0.125,0.125,0.125,0.125,0,0.125,0.25,0.25,0.125,0.125,0,0,0.125,0.25,0,0.125,0.25,0.125,0.125,0.25,0.125,0.125,0.25,0.25,0.125,0.125,0.125,0.125,0.25,0.125,0.125,0.125,0.25,0.25,0,0.25,0.125,0.25,0.125,0.125,0,0,0.125,0.125,0.125,0.125,0.125,0.772727273,0.863636364
4713->,0.25,0.125,0.25,0,0.125,0.25,0.25,0.125,0.125,0.125,0.125,0.125,0.25,0.125,0.125,0.125,0.125,0.125,0.25,0.125,0.125,0.125,0.25,0.125,0.125,0,0,0.125,0.125,0.25,0.125,0,0.125,0.125,0.25,0.125,0.125,0.125,0.25,0.125,0.125,0,0,0.125,0.125,0.25,0.125,0.125,0.125,0.25,0.25,0.125,0.25,0.25,0.25,0,0,0,0,0.125,0.25,0.125,0,0.125,0.772727273,0.454545455
5118->,0.25,0.125,0,0.25,0.125,0,0,0,0,0,0,1,0,0.125,0.25,0.5,0.125,0.125,0.125,0.5,0.125,0,0.125,0,0,0.5,0.5,0.25,0,0.125,0.5,0.5,0.5,0.125,0.125,0.25,0.125,0,0.125,0,0,0,0,1,0,0.25,1,1,0.5,0.125,0.125,0.5,0.125,0,0.125,0,0,0.5,0.5,0.25,0,0.125,1,0.25,0.772727273,0.772727273
5876->,1,0.5,0.25,0.25,0.5,0.25,0.25,1,1,0,0,0,0.25,0.5,1,0,0.5,0.25,0.25,0.25,0.25,0.25,0.25,0.5,0.5,0,0,0,0.25,0.25,0.25,0,0.5,0.25,0.25,0.25,0.25,0.25,0.25,0.5,0.5,0,0,0,0.25,0.5,0.5,0.125,0.25,0.25,0.5,0.25,0.25,0.25,0.5,0.5,0.5,0,0,0,0.25,0.25,0.125,0,0.772727273,0.5
5893->,1,0.5,0,0.25,0.5,0.5,0,0.125,0.125,0.25,0.25,0.5,0.5,0.125,0.125,1,1,0,1,0.25,0,0.25,1,0.25,0.25,0.5,0.5,0.125,0.25,0.125,0.125,0.5,1,0.5,0,0.5,0.5,0.25,0,0.125,0.125,0.25,0.25,0.5,0.25,0.125,0,0.5,1,0,0.5,0.5,0,0.25,0.5,0.25,0.25,0.5,0.5,0.125,0.25,0.125,0.125,0.5,0.772727273,0.045454545
2486->,1,1,1,1,1,1,1,0,0,0.125,0.125,0.25,1,1,0.25,0.25,1,1,1,0.5,1,1,1,0.125,0.125,0.125,0.125,0.25,1,1,0.125,0.125,0.5,0.5,1,1,0.5,0.5,1,0,0,0.125,0.125,0.125,0.5,1,0.25,0.5,0.5,0.5,1,1,0.5,1,1,0.125,0.125,0.125,0.125,0.25,1,0.5,0.125,0.5,0.818181818,0.454545455
3353->,0,0,0.25,0.25,0,0.125,0.25,0.125,0.125,0.125,0.125,0,0.125,0,0.125,0.125,0.125,0.125,0.25,0.125,0.125,0.125,0.25,0.125,0.125,0.125,0.125,0.125,0.125,0.125,0.125,0.125,0.125,0.125,0.125,0.25,0.125,0.125,0.125,0.125,0.125,0.25,0.25,0,0.125,0.125,0.25,0.125,0,0.125,0.125,0.25,0.125,0.125,0.125,0.125,0.125,0.125,0.125,0.25,0.125,0.25,0.25,0.125,0.818181818,0.363636364
3354->,0,0.125,0.125,0.125,0.125,0,0.125,0.125,0.125,0.125,0.125,0.125,0,0.125,0.125,0.25,0.125,0.125,0.125,0.125,0.125,0.125,0.125,0.125,0.125,0.125,0.125,0.25,0.125,0.125,0.125,0.125,0.125,0.125,0.125,0.25,0.125,0.125,0.125,0.25,0.25,0.125,0.125,0.25,0.125,0.125,0.125,0.25,0.125,0.125,0.125,0.125,0.125,0.25,0.125,0.25,0.25,0.125,0.125,0.125,0.25,0.125,0.125,0.25,0.818181818,0.454545455
3356->,0,0.125,0.125,0.25,0.125,0.125,0.125,0.125,0.125,0.25,0.25,0,0.125,0.125,0.125,0.125,0.125,0.125,0.125,0.125,0.125,0.125,0.125,0.125,0.125,0.25,0.25,0,0.125,0.125,0.125,0.125,0.125,0.125,0.125,0.25,0.125,0.125,0.125,0.125,0.125,0.25,0.25,0.125,0.125,0.125,0.125,0.125,0.25,0.125,0.125,0.25,0.125,0.25,0.125,0.125,0.125,0.25,0.25,0.125,0.25,0,0.125,0.25,0.818181818,0.454545455
3377->,0.25,0.125,0.125,0,0.125,0.125,0.125,0.125,0.125,0.125,0.125,0.125,0.125,0.125,0.25,0.25,0.25,0.125,0.125,0.125,0.125,0.125,0.125,0.125,0.125,0.25,0.25,0.125,0.125,0.125,0.125,0.25,0.125,0.125,0.25,0,0.125,0.25,0.25,0.125,0.125,0.25,0.25,0.125,0.25,0.125,0.25,0.125,0.125,0.125,0.125,0.25,0.125,0.25,0.125,0.125,0.125,0.125,0.125,0.125,0.25,0.125,0.25,0.25,0.818181818,0.409090909
3667->,0,0,0.5,0.5,0,0,0.5,0.25,0.25,0.5,0.5,0,0,0,0.25,0.25,0,0,0.5,1,0,0,0.5,0.25,0.25,0.5,0.5,0.125,0,0.125,0.25,0.25,0.125,0,1,0.25,0,0.125,1,0.125,0.125,0.25,0.25,0,0.125,0,0.5,0.25,0,0,0.25,0.5,0,0.125,0.25,0.125,0.125,0.25,0.25,0.125,0.125,0.5,0.5,0.25,0.818181818,0
3894->,0.25,0.125,0.5,0.5,0.125,0.25,0.5,0.5,0.5,0.25,0.25,0.5,0.25,0.25,0.125,0.5,0.25,1,0.25,0.25,1,0.25,0.25,0.25,0.25,0.25,0.25,0.25,0.25,0.5,0.125,0.5,0.25,0.125,0.5,0.5,0.125,0.25,0.5,0.25,0.25,0.25,0.25,0.5,0.25,0.25,0.125,0.25,0.25,0.5,0.25,0.25,0.5,0.25,0.25,0.25,0.25,0.25,0.25,0.5,0.25,0.25,0.125,0.25,0.818181818,0.227272727
4045->,0.125,0.125,0.25,0.125,0.125,0.125,0.25,0.25,0.25,0.125,0.125,0,0.125,0.125,0.125,0,0.125,0.125,0.125,0.125,0.125,0.125,0.125,0.25,0.25,0.25,0.25,0,0.125,0.125,0.25,0,0.125,0.125,0.125,0.125,0.125,0.25,0.125,0.25,0.25,0.125,0.125,0.125,0.25,0.25,0,0,0.125,0.25,0.125,0.25,0.25,0.125,0.125,0.25,0.25,0.125,0.125,0.125,0.125,0.125,0.25,0.125,0.818181818,0.454545455
4636->,0.125,0.25,0.25,0.25,0.25,0.25,0.25,0.5,0.5,0.25,0.25,0.125,0.25,0.125,0.25,0.25,0.125,0.25,0.25,0.25,0.25,0.25,0.25,0.25,0.25,0.5,0.5,0.25,0.25,0.125,0.25,0.25,0.125,0.25,0.25,0.25,0.25,0.25,0.25,0.25,0.25,0.5,0.5,0.5,0.25,0.125,0.25,0.25,0.125,0.25,0.25,0.25,0.25,0.125,0.25,0.25,0.25,0.5,0.5,0.25,0.125,0.125,0.5,0.5,0.818181818,0.5
4688->,0.125,0.125,0.25,0.125,0.125,0.125,0.25,0.25,0.25,0.25,0.25,0.125,0.125,0,0.125,0.25,0.125,0.125,0.125,0.25,0.125,0.125,0.125,0.125,0.125,0.25,0.25,0.125,0.125,0.125,0.125,0.25,0.25,0.125,0.25,0.25,0.125,0.125,0.25,0.125,0.125,0.25,0.25,0.125,0.125,0.125,0.125,0.25,0.125,0.125,0.125,0.25,0.125,0.125,0.125,0.125,0.125,0.125,0.125,0.125,0.125,0.125,0.25,0.25,0.818181818,0.454545455
1832->,0.25,0.25,0.25,0.25,0.25,0.25,0.25,0,0,0,0,0.125,0.25,0.25,0.125,0.125,0.5,0.25,0.25,0.25,0.25,0.25,0.25,0,0,0,0,0,0.25,0.125,0,0.125,0.25,0.25,0.25,0.25,0.25,0.125,0.25,0,0,0.125,0.125,0.125,0.125,0.125,0.125,0.125,0.5,0.25,0.125,0.25,0.25,0.25,0.125,0,0,0,0,0,0.25,0.25,0.125,0.125,0.863636364,0.227272727
2070->,0.125,0.25,0.125,0,0.25,0.25,0.125,0.125,0.125,0.125,0.125,0,0.25,0.25,0,0,0.125,0.125,0.125,0,0.125,0.125,0.125,0,0,0,0,0,0.125,0.125,0.125,0,0.125,0.125,0.125,0.125,0.125,0.25,0.125,0.125,0.125,0.125,0.125,0.125,0.25,0.125,0.125,0,0.25,0.25,0.125,0.125,0.25,0.125,0.125,0.125,0.125,0.125,0.125,0.125,0.125,0.125,0.125,0,0.863636364,0.5
3349->,0.125,0,0.25,0.125,0,0,0.25,0.125,0.125,0.125,0.125,0.125,0,0,0.125,0.125,1,0,0.125,0.125,0,0,0.125,1,1,0.125,0.125,0.125,0,0,0.125,0.25,0.25,0,0.25,0.125,0,0,0.25,0.25,0.25,0.125,0.125,0.125,0,0.125,0.125,0.25,1,0,0.25,0.125,0,0,0.25,0.25,0.25,0.125,0.125,0.125,0,0,0.125,0.25,0.863636364,0.454545455
3350->,0,0,0.125,0.125,0,0,0.125,0.125,0.125,0.125,0.125,0.125,0,0,0.125,0.25,0,0,1,0.125,0,0,1,0.125,0.125,0.25,0.25,0.125,0,0.125,0.125,0.25,0,0,0.25,0.125,0,0.125,0.25,0.125,0.125,0.25,0.25,0.125,0.125,0.125,0.125,0.25,0,0,0.25,0.125,0,0,0.25,0.125,0.125,0.25,0.25,0.125,0,0,0.125,0.25,0.863636364,0.454545455
3351->,0,0,0.125,0.125,0,0,0.125,0.125,0.125,0.25,0.25,0,0,0,0.25,0.25,0,0,0.125,0.25,0,0.125,0.125,0.125,0.125,0.25,0.25,0.25,0.125,0.125,0.25,0.125,0,0.125,0.125,0.25,0.125,0.125,0.125,0.125,0.125,0.25,0.25,0.125,0.125,0.125,0.125,0.25,0,0,0.125,0.25,0,0,0.125,0.125,0.125,0.25,0.25,0.25,0,0.125,0.125,0.25,0.863636364,0.409090909
3352->,0,0,0.125,0.25,0,0,0.125,0.25,0.25,0.25,0.25,0.125,0,0.125,0.125,0.125,0,0.125,0.125,0.25,0.125,0.125,0.125,0.25,0.25,0.125,0.125,0.125,0.125,0.125,0.125,0.125,0.125,0.125,0.125,0.25,0.125,0.125,0.125,0.125,0.125,0.25,0.25,0.125,0.125,0.125,0.125,0.25,0,0,0.125,0.25,0,0.125,0.125,0.125,0.125,0.25,0.25,0.125,0.125,0.125,0.125,0.125,0.863636364,0.409090909
3355->,0.125,0,0.125,0.125,0,0.125,0.125,0.125,0.125,0.25,0.25,0.25,0.125,0.125,0.125,0.25,0.125,0.125,0.125,0.125,0.125,0.125,0.125,0.125,0.125,0.125,0.125,0.25,0.125,0.125,0.125,0.25,0.125,0.125,0.25,0.125,0.125,0.125,0.25,0.125,0.125,0.25,0.25,0.125,0.125,0.125,0.125,0.25,0.125,0.25,0.25,0.125,0.25,0.125,0.25,0.125,0.125,0.25,0.25,0.25,0.125,0.25,0.125,0.25,0.863636364,0.409090909
3357->,0.125,0.125,0.125,0.25,0.125,0.125,0.125,0.125,0.125,0.125,0.125,0,0.125,0,0.125,0,0.125,0.125,0.125,0.25,0.125,0.125,0.125,0.125,0.125,0.125,0.125,0.125,0.125,0.25,0.125,0.25,0.125,0.125,0.125,0.25,0.125,0.125,0.125,0.125,0.125,0.125,0.125,0.125,0.125,0.125,0.25,0.125,0.125,0.25,0.125,0.25,0.25,0,0.125,0.125,0.125,0.25,0.25,0.125,0,0.125,0.125,0.25,0.863636364,0.545454545
3372->,0.25,0.25,0.125,0.125,0.25,0.125,0.125,0.125,0.125,0.125,0.125,0.125,0.125,0.125,0.125,0.125,0.25,0.125,0.125,0.125,0.125,1,0.125,0.125,0.125,0.125,0.125,0.125,1,0.125,0.25,0.125,0.25,0.25,0.125,0.125,0.25,0.25,0.125,0.125,0.125,0.125,0.125,0.125,0.25,0.125,0.25,0.125,0.25,0.25,0.125,0.125,0.25,0.25,0.125,0.125,0.125,0.125,0.125,0.125,0.25,0.125,0.25,0.125,0.863636364,0.5
3376->,0.125,0.25,0.25,0.125,0.25,0.125,0.25,0.125,0.125,0,0,0,0.125,0.125,0.125,0.125,0.125,0.25,0.125,0.125,0.25,0.125,0.125,0.125,0.125,0.125,0.125,0,0.125,0.125,0.125,0.25,0.125,0.125,0.25,0.125,0.125,0.125,0.25,0.25,0.25,0,0,0.125,0.125,0.25,0.125,0.25,0.125,0.125,0.25,0.125,0.125,0.125,0.25,0.125,0.125,0.25,0.25,0.125,0.125,0.25,0.125,0.125,0.863636364,0.5
120->,0.125,0.125,0.5,0,0.125,1,0.5,0.5,0.5,0,0,0,1,1,0.125,0,0.125,0.25,1,0,0.25,0.5,1,0.5,0.5,0,0,0,0.5,1,0.125,0,0.125,0.25,0.5,0,0.25,0.5,0.5,0.5,0.5,0.125,0.125,0,0.5,1,0.125,0,0.25,0.25,0.5,0.125,0.25,1,0.5,0.5,0.5,0,0,0,1,1,0.125,0,0.909090909,0.545454545
238->,0,0,0,0,0,0,0,0,0,0.125,0.125,0,0,0.125,0,0.125,0,0,0,0,0,0,0,0,0,0.125,0.125,0.125,0,0,0,0,0,0,0,0,0,0,0,0,0,0.125,0.125,0,0,0,0,0.125,0,0,0,0,0,0,0,0,0,0,0,0.125,0,0,0,0,0.909090909,0.5
1873->,0.125,0.125,0.25,0.25,0.125,0.125,0.25,1,1,0.5,0.5,0.25,0.125,0.25,1,0.125,0.5,0.25,1,0.125,0.25,0.25,1,1,1,0.25,0.25,0.25,0.25,0.5,1,0,0.25,0.125,0.5,0.25,0.125,0.25,0.5,1,1,0.5,0.5,0.25,0.25,0.25,1,0,0.125,0.25,1,0.25,0.25,0.25,1,1,1,0.5,0.5,0.5,0.25,0.5,1,0,0.909090909,0
3091->,0.125,0.125,0,0.25,0.125,0.5,0,0,0,0,0,1,0.5,0.25,0.125,0,0.125,0.25,0,0.125,0.25,0.125,0,0,0,0,0,1,0.125,0.25,0.125,0.125,0.125,0.125,0,0.25,0.125,0.25,0,0,0,0,0,1,0.25,0.5,0.25,0.125,0.125,0.25,0,0.25,0.25,0.25,0,0,0,0,0,1,0.25,0.5,0.25,0.125,0.909090909,0.318181818
3358->,0.125,0.125,0.125,0.125,0.125,0,0.125,0.125,0.125,0,0,0,0,0.125,0.125,0.25,0.125,0.125,0.125,0.125,0.125,0.25,0.125,0.125,0.125,0.25,0.25,0.125,0.25,0.25,0.125,0.25,0.125,0.125,0.125,0.125,0.125,0.125,0.125,0.25,0.25,0.125,0.125,0.125,0.125,0.125,0.125,0.125,0.25,0,0.125,0.25,0,0.125,0.125,0.125,0.125,0.25,0.25,0.125,0.125,0.125,0.125,0.125,0.909090909,0.318181818
3373->,0.25,0.125,0.125,0.125,0.125,0.125,0.125,0.125,0.125,0.125,0.125,0,0.125,0.125,0.25,0,0.125,1,0.125,0.125,1,0.125,0.125,0.25,0.25,0.125,0.125,0,0.125,0.125,0.25,0.25,0.25,0.25,0.125,0.125,0.25,0.125,0.125,0.25,0.25,0.125,0.125,0.125,0.125,0.125,0.25,0.125,0.25,0.25,0.125,0.125,0.25,0.125,0.125,0.25,0.25,0.125,0.125,0.125,0.125,0.125,0.25,0.25,0.909090909,0.5
3663->,0,0,0,0.125,0,0,0,0,0,0.5,0.5,0.125,0,0.125,0,0.25,0,0,0,0.25,0,0,0,0.125,0.125,0.25,0.25,0.125,0,0.125,0.25,0.125,0,0,0.125,0.25,0,0,0.125,0,0,0.25,0.25,0,0,0.125,0.125,0.25,0,0,0.125,0.5,0,0,0.125,0,0,0.25,0.25,0,0,0.125,0.25,0.125,0.909090909,0.954545455
4017->,0.125,0,0.125,0,0,0.125,0.125,0.25,0.25,0.125,0.125,0.125,0.125,0.125,0.125,0.25,0,0,0.125,0.125,0,0,0.125,0.125,0.125,0.125,0.125,0.125,0,0,0.125,0.25,0.25,0.125,0.25,0.125,0.125,0.125,0.25,0.25,0.25,0.25,0.25,0.125,0.125,0.125,0.25,0.25,0,0,0.25,0.125,0,0.125,0.25,0.125,0.125,0.25,0.25,0.125,0.125,0.125,0.125,0.25,0.909090909,0.5
4023->,0.125,0.125,0.125,0.25,0.125,0.125,0.125,0.125,0.125,0.125,0.125,0,0.125,0,0.25,0.125,0,0.125,0.125,0.25,0.125,0.125,0.125,0.125,0.125,0.25,0.25,0,0.125,0.125,0.125,0.125,0.125,0.125,0.25,0.25,0.125,0.25,0.25,0.25,0.25,0,0,0,0.25,0.125,0.125,0,0.125,0.125,0.125,0.25,0.125,0.125,0.125,0.125,0.125,0.25,0.25,0.125,0.125,0.125,0.125,0.125,0.909090909,0.363636364
4025->,0.125,0,0.25,0.125,0,0.125,0.25,0.25,0.25,0,0,0,0.125,0.125,0.125,0,0.125,0.125,0.125,0.125,0.125,0,0.125,0.125,0.125,0,0,0,0,0.125,0.125,0.25,0.25,0.125,0.125,0,0.125,0.125,0.125,0.125,0.125,0.125,0.125,0.125,0.125,0.125,0.125,0,0.125,0.125,0.125,0.125,0.125,0.125,0.125,0.25,0.25,0.125,0.125,0.125,0.125,0.125,0.125,0.125,0.909090909,0
142->,1,0.5,0.125,0,0.5,0.5,0.125,0,0,0,0,0,0.5,0.5,0,0,1,0.5,0.125,0,0.5,1,0.125,0,0,0,0,0,1,0.5,0,0,0.5,0.5,0.125,0.125,0.5,0.5,0.125,0,0,0,0,0,0.5,0.5,0.125,0,0.5,0.5,0.125,0.125,0.5,0.5,0.125,0.125,0.125,0.125,0.125,0.125,0.5,0.5,0,0,0.954545455,0.227272727
199->,0,0.125,0,0,0.125,0,0,0,0,0.125,0.125,0,0,0,0.125,0.125,0,0.125,0,0,0.125,0,0,0.125,0.125,0.125,0.125,0,0,0.125,0,0.125,0,0.125,0,0,0.125,0.125,0,0,0,0.125,0.125,0.125,0.125,0.125,0.125,0.125,0,0.125,0,0.125,0.125,0.125,0,0,0,0.125,0.125,0.125,0.125,0.125,0.125,0.125,0.954545455,0.5
423->,0.125,0.125,0.5,0.125,0.125,0.125,0.5,0,0,0.5,0.5,1,0.125,0.5,0.125,1,0.125,0,0,0.125,0,0.25,0,0,0,1,1,1,0.25,0.125,0.125,1,0.125,0.125,0,0.5,0.125,1,0,0,0,1,1,1,1,0.5,0.25,0.5,0.125,0.125,0.125,0.125,0.125,1,0.125,0,0,1,1,1,1,0.25,0.25,1,0.954545455,0
1597->,0,0,0,0,0,0,0,0,0,0,0,0.125,0,0,0,0,0,0,0,0,0,0,0,0,0,0,0,0.25,0,0,0,0,0,0,0,0,0,0.125,0,0,0,0.125,0.125,0,0.125,0.125,0,0,0,0,0,0,0,0.125,0,0,0,0,0,0.25,0.125,0.125,0,0,0.954545455,0.5
1598->,0,0,0,0,0,0,0,0,0,0,0,0.5,0,0,0,0.25,0,0,0,0,0,0,0,0,0,0,0,0.5,0,0,0,0.5,0,0.125,0,0.125,0.125,0.125,0,0,0,0,0,0.25,0.125,0,0,0.125,0,0.125,0,0,0.125,0.125,0,0,0,0,0,0.25,0.125,0,0,1,0.954545455,0.5
1685->,0,0.5,0.5,0,0.5,0.25,0.5,0.125,0.125,0.125,0.125,0.25,0.25,0.25,0,0,0.125,0.25,0.125,0,0.25,0.5,0.125,0.125,0.125,0,0,0.5,0.5,0.25,0,0,0.125,0.25,0.5,0.125,0.25,0.25,0.5,0.125,0.125,0.125,0.125,0.125,0.25,0.25,0,0,0.25,0.125,0.125,0,0.125,0.25,0.125,0.125,0.125,0,0,0.5,0.25,0.25,0,0,0.954545455,0
1858->,0.125,0.125,0.125,0.25,0.125,0.25,0.125,0.125,0.125,0.125,0.125,0.125,0.25,0.25,0.25,0.25,0,0,0.125,0.125,0,0.25,0.125,0.125,0.125,0.25,0.25,0.125,0.25,0.25,0.25,0.25,0.125,0.125,0.125,0.125,0.125,0.25,0.125,0,0,0.25,0.25,0.25,0.25,0.25,0.25,0.5,0.125,0.125,0.125,0.125,0.125,0.5,0.125,0.125,0.125,0.25,0.25,0.25,0.5,0.25,0.5,0.25,0.954545455,0.5
2760->,0,0.125,0,0,0.125,0.125,0,0.125,0.125,0.125,0.125,0,0.125,0.125,0,0,0.125,0.125,0,0,0.125,0.125,0,0.125,0.125,0,0,0.125,0.125,0,0,0,0.125,0.125,0.125,0,0.125,0.125,0.125,0.125,0.125,0.125,0.125,0.125,0.125,0.125,0,0.125,0.125,0.125,0.125,0,0.125,0.125,0.125,0.125,0.125,0.125,0.125,0.125,0.125,0.125,0,0,0.954545455,0.5
3276->,0.5,0.25,0.5,0.5,0.25,0.25,0.5,0.125,0.125,0.5,0.5,0.25,0.25,0,0.125,0.125,0.5,0.25,0.5,0.5,0.25,0.25,0.5,0.125,0.125,0.25,0.25,0.25,0.25,0,0.125,0.125,0.25,0.5,0.25,0.5,0.5,0.5,0.25,0.125,0.125,0.25,0.25,0.25,0.5,0,0.125,0.125,0.25,0.25,0.25,0.25,0.25,0.5,0.25,0.125,0.125,0.25,0.25,0.25,0.5,0,0.125,0.125,0.954545455,0
3374->,0.125,0.125,0.125,0.125,0.125,0.125,0.125,0.25,0.25,0,0,0.125,0.125,0.25,0.25,0.125,1,0.125,0.25,0.125,0.125,0.125,0.25,0.25,0.25,0.25,0.25,0.125,0.125,0.25,0.125,0.125,0.25,0.125,0.25,0.125,0.125,0.125,0.25,0.25,0.25,0.125,0.125,0.125,0.125,0.125,0.25,0.125,0.25,0.125,0.25,0.125,0.125,0.125,0.25,0.25,0.25,0.25,0.25,0.125,0.125,0.125,0.25,0.125,0.954545455,0.954545455
